Date,polarity_score,sentiment_score
2014-01-06,0.0,0.0
2014-01-07,0.20625,1.0
2014-01-23,0.0,0.0
2014-01-26,0.0,0.0
2014-01-30,0.0,0.0
2014-02-02,-0.225,-1.0
2014-02-07,0.31212121212121213,1.0
2014-02-09,0.7125,1.0
2014-02-11,0.0,0.0
2014-02-14,0.4,1.0
2014-02-24,0.0,0.0
2014-02-25,0.0,0.0
2014-03-05,0.0,0.0
2014-03-07,0.225,1.0
2014-03-10,0.0,0.0
2014-03-11,0.22727272727272727,1.0
2014-03-14,0.15606060606060607,1.0
2014-03-17,0.0,0.0
2014-03-19,0.0,0.0
2014-03-25,0.0,0.0
2014-03-31,0.0,0.0
2014-04-01,0.0,0.0
2014-04-05,0.25,1.0
2014-04-07,-0.23333333333333334,-1.0
2014-04-08,0.0,0.0
2014-04-17,0.25,1.0
2014-04-18,0.1,1.0
2014-04-19,0.1125,1.0
2014-04-24,0.2681818181818182,1.0
2014-04-26,0.05000000000000002,1.0
2014-04-29,0.0,0.0
2014-04-30,0.20909090909090908,1.0
2014-05-02,0.0,0.0
2014-05-08,-0.2,-1.0
2014-05-10,0.4625,1.0
2014-05-14,0.4,1.0
2014-05-22,0.8,1.0
2014-05-23,0.07824074074074074,1.0
2014-05-24,0.15007575757575758,1.0
2014-05-25,0.2333333333333333,1.0
2014-05-29,0.25000000000000006,1.0
2014-05-31,0.0,0.0
2014-06-04,0.25,1.0
2014-06-11,0.08333333333333334,1.0
2014-06-12,0.0,0.0
2014-06-13,0.04999999999999999,1.0
2014-06-17,0.0,0.0
2014-06-19,0.5,1.0
2014-07-01,0.5,1.0
2014-07-10,0.021590909090909088,1.0
2014-07-14,0.4928571428571428,1.0
2014-07-19,0.0,0.0
2014-07-23,0.22499999999999998,1.0
2014-07-26,0.0,0.0
2014-08-03,0.2975,1.0
2014-08-05,-0.025,-1.0
2014-08-15,0.0,0.0
2014-08-19,0.0,0.0
2014-08-23,0.18095238095238098,1.0
2014-08-25,0.0,0.0
2014-09-02,0.2,1.0
2014-09-07,0.0,0.0
2014-09-08,0.625,1.0
2014-09-09,0.0,0.0
2014-09-10,0.2857142857142857,1.0
2014-09-11,0.0,0.0
2014-09-16,0.0,0.0
2014-09-20,0.3,1.0
2014-09-29,0.0,0.0
2014-10-02,0.20546875,1.0
2014-10-10,-0.20833333333333331,-1.0
2014-10-11,0.0,0.0
2014-10-16,0.0,0.0
2014-10-17,0.0,0.0
2014-10-18,0.0,0.0
2014-10-26,0.0,0.0
2014-10-28,0.0175,1.0
2014-10-29,-0.5,-1.0
2014-10-31,0.0,0.0
2014-11-04,0.0,0.0
2014-11-07,0.0,0.0
2014-11-11,0.17261904761904762,1.0
2014-11-18,0.25,1.0
2014-11-19,-0.012500000000000025,-1.0
2014-11-21,0.0,0.0
2014-11-22,0.0,0.0
2014-11-23,0.0,0.0
2014-11-24,0.4,1.0
2014-12-08,0.9,1.0
2014-12-19,0.05,1.0
2014-12-21,0.1125,1.0
2014-12-26,0.0,0.0
2014-12-30,0.0,0.0
2014-12-31,0.0,0.0
2015-01-05,0.0,0.0
2015-01-06,0.0,0.0
2015-01-10,0.16666666666666666,1.0
2015-01-11,-0.033333333333333326,-1.0
2015-01-12,0.0,0.0
2015-01-15,0.0,0.0
2015-01-16,0.0,0.0
2015-01-17,0.0,0.0
2015-01-20,0.0,0.0
2015-01-23,0.4333333333333333,1.0
2015-01-26,-0.004166666666666667,-1.0
2015-01-28,0.01666666666666668,1.0
2015-01-29,0.0,0.0
2015-01-30,-0.1,-1.0
2015-02-08,0.009375000000000001,1.0
2015-02-09,0.28611111111111104,1.0
2015-02-10,-0.0625,-1.0
2015-02-11,0.0,0.0
2015-02-12,0.4275,1.0
2015-02-24,0.5,1.0
2015-02-26,0.165,1.0
2015-03-02,0.0,0.0
2015-03-07,0.35,1.0
2015-03-08,0.13333333333333333,1.0
2015-03-11,-0.1,-1.0
2015-03-12,0.0,0.0
2015-03-13,0.21428571428571427,1.0
2015-03-14,-0.6,-1.0
2015-03-15,0.06818181818181818,1.0
2015-03-16,-0.23125,-1.0
2015-03-17,0.0,0.0
2015-03-18,0.18522727272727274,1.0
2015-03-21,0.05972222222222222,1.0
2015-03-22,0.6000000000000001,1.0
2015-03-23,-0.075,-1.0
2015-03-24,0.050000000000000024,1.0
2015-03-30,0.09943181818181818,1.0
2015-03-31,0.08409090909090909,1.0
2015-04-01,0.6000000000000001,1.0
2015-04-04,0.0,0.0
2015-04-06,0.11666666666666665,1.0
2015-04-09,0.16,1.0
2015-04-11,0.16318181818181818,1.0
2015-04-12,0.25,1.0
2015-04-13,-0.03125,-1.0
2015-04-14,0.22916666666666666,1.0
2015-04-15,0.03125,1.0
2015-04-16,0.05944444444444443,1.0
2015-04-18,-0.03333333333333333,-1.0
2015-04-19,0.0,0.0
2015-04-23,0.1590909090909091,1.0
2015-04-27,0.5,1.0
2015-04-28,0.3499999999999999,1.0
2015-04-29,0.35,1.0
2015-04-30,0.5666666666666667,1.0
2015-05-01,0.22499999999999998,1.0
2015-05-02,0.0,0.0
2015-05-03,0.125,1.0
2015-05-04,0.325,1.0
2015-05-05,-0.15555555555555559,-1.0
2015-05-06,0.16666666666666666,1.0
2015-05-12,0.1,1.0
2015-05-19,0.0,0.0
2015-05-20,0.35,1.0
2015-05-22,0.3333333333333333,1.0
2015-05-27,0.0,0.0
2015-06-01,0.275,1.0
2015-06-12,0.26666666666666666,1.0
2015-06-15,0.028125000000000004,1.0
2015-06-20,0.75,1.0
2015-06-23,0.325,1.0
2015-06-27,0.19583333333333336,1.0
2015-06-28,0.305952380952381,1.0
2015-06-29,-0.03333333333333333,-1.0
2015-07-06,0.0,0.0
2015-07-17,0.0,0.0
2015-07-18,0.0,0.0
2015-07-27,0.0,0.0
2015-07-28,0.008333333333333331,1.0
2015-07-30,0.3,1.0
2015-07-31,0.0,0.0
2015-08-06,0.0,0.0
2015-08-08,0.0,0.0
2015-08-16,1.0,1.0
2015-08-17,0.0,0.0
2015-08-23,0.17700000000000002,1.0
2015-09-02,0.1035,1.0
2015-09-12,0.024999999999999994,1.0
2015-09-13,0.2340909090909091,1.0
2015-09-14,0.18333333333333335,1.0
2015-09-24,0.2583333333333333,1.0
2015-09-25,0.55,1.0
2015-09-27,0.4,1.0
2015-09-29,0.08409090909090909,1.0
2015-09-30,0.16666666666666666,1.0
2015-10-02,0.25,1.0
2015-10-03,0.0,0.0
2015-10-09,-0.125,-1.0
2015-10-10,0.16999999999999998,1.0
2015-10-11,0.0,0.0
2015-10-14,0.0,0.0
2015-10-15,0.5,1.0
2015-10-17,0.4,1.0
2015-10-19,0.09999999999999999,1.0
2015-10-21,0.0,0.0
2015-10-22,0.0,0.0
2015-10-24,0.058712121212121215,1.0
2015-10-25,0.03666666666666667,1.0
2015-10-26,0.31875,1.0
2015-10-27,0.1,1.0
2015-10-29,-0.05,-1.0
2015-10-30,0.55,1.0
2015-11-01,0.0,0.0
2015-11-02,0.0,0.0
2015-11-04,0.0,0.0
2015-11-08,0.0,0.0
2015-11-20,0.07416666666666667,1.0
2015-11-24,0.0,0.0
2015-12-02,0.0,0.0
2015-12-03,0.7,1.0
2015-12-04,0.75,1.0
2015-12-06,1.0,1.0
2015-12-09,0.1,1.0
2015-12-10,0.125,1.0
2015-12-11,0.0,0.0
2015-12-17,0.0,0.0
2015-12-18,0.0,0.0
2015-12-19,0.13541666666666666,1.0
2015-12-20,0.475,1.0
2015-12-21,0.0,0.0
2015-12-22,0.1481818181818182,1.0
2016-01-01,0.1,1.0
2016-01-02,0.2,1.0
2016-01-10,0.0,0.0
2016-01-11,0.050000000000000044,1.0
2016-01-12,0.08,1.0
2016-01-16,0.425,1.0
2016-01-17,0.0,0.0
2016-01-18,0.1,1.0
2016-01-19,0.4,1.0
2016-01-20,0.0,0.0
2016-01-23,0.5,1.0
2016-02-03,-0.016666666666666677,-1.0
2016-02-05,-0.4,-1.0
2016-02-10,0.25,1.0
2016-02-11,0.0,0.0
2016-02-16,0.25,1.0
2016-02-17,0.0,0.0
2016-02-18,0.33645833333333336,1.0
2016-02-19,0.075,1.0
2016-02-20,0.0,0.0
2016-02-21,0.7,1.0
2016-02-22,0.15761904761904763,1.0
2016-02-23,0.0,0.0
2016-02-24,0.075,1.0
2016-02-27,0.321875,1.0
2016-02-28,0.33666666666666667,1.0
2016-02-29,-0.09375,-1.0
2016-03-01,0.22857142857142856,1.0
2016-03-02,0.0,0.0
2016-03-04,0.0,0.0
2016-03-05,0.1645833333333333,1.0
2016-03-06,0.254375,1.0
2016-03-09,0.0,0.0
2016-03-18,0.25,1.0
2016-03-19,0.1,1.0
2016-03-20,0.0,0.0
2016-03-30,0.0,0.0
2016-03-31,0.0,0.0
2016-04-01,0.0,0.0
2016-04-02,0.0,0.0
2016-04-03,0.052000000000000005,1.0
2016-04-04,0.0,0.0
2016-04-05,0.0,0.0
2016-04-06,0.0,0.0
2016-04-07,0.07777777777777778,1.0
2016-04-08,0.0,0.0
2016-04-09,0.1,1.0
2016-04-10,0.2375,1.0
2016-04-11,0.5,1.0
2016-04-14,0.8,1.0
2016-04-17,0.25,1.0
2016-04-18,0.25,1.0
2016-04-20,0.4,1.0
2016-04-24,0.3333333333333333,1.0
2016-04-27,0.0,0.0
2016-04-29,0.15,1.0
2016-04-30,0.0,0.0
2016-05-01,0.1,1.0
2016-05-02,0.2814814814814815,1.0
2016-05-05,0.05,1.0
2016-05-06,0.0,0.0
2016-05-07,0.19404761904761902,1.0
2016-05-10,0.0,0.0
2016-05-12,0.0,0.0
2016-05-14,0.584375,1.0
2016-05-15,-0.2,-1.0
2016-05-16,0.024999999999999998,1.0
2016-05-17,0.19999999999999998,1.0
2016-05-18,0.0,0.0
2016-05-19,0.8,1.0
2016-05-22,0.2,1.0
2016-05-25,0.65,1.0
2016-05-27,0.049999999999999996,1.0
2016-05-28,0.21666666666666667,1.0
2016-05-29,0.7,1.0
2016-05-30,-0.5,-1.0
2016-06-01,0.7,1.0
2016-06-02,0.0,0.0
2016-06-03,0.28409090909090906,1.0
2016-06-04,0.18541666666666667,1.0
2016-06-05,0.28125,1.0
2016-06-06,0.16,1.0
2016-06-07,0.125,1.0
2016-06-08,0.0,0.0
2016-06-09,0.0,0.0
2016-06-10,0.3,1.0
2016-06-11,0.12499999999999997,1.0
2016-06-12,0.05,1.0
2016-06-13,0.16,1.0
2016-06-15,0.16833333333333333,1.0
2016-06-17,0.125,1.0
2016-06-19,0.0,0.0
2016-06-20,0.65,1.0
2016-06-22,0.0,0.0
2016-06-27,0.25,1.0
2016-06-28,0.475,1.0
2016-06-29,0.125,1.0
2016-06-30,-0.5750000000000001,-1.0
2016-07-05,-0.125,-1.0
2016-07-07,0.0,0.0
2016-07-08,0.36249999999999993,1.0
2016-07-09,0.171875,1.0
2016-07-10,0.033333333333333326,1.0
2016-07-11,0.0,0.0
2016-07-12,0.0,0.0
2016-07-13,0.2857142857142857,1.0
2016-07-14,0.125,1.0
2016-07-15,0.0,0.0
2016-07-16,0.21428571428571427,1.0
2016-07-17,0.2,1.0
2016-07-18,0.2875,1.0
2016-07-19,0.016666666666666663,1.0
2016-07-20,0.0,0.0
2016-07-21,0.016666666666666677,1.0
2016-07-22,0.0,0.0
2016-07-23,0.0125,1.0
2016-07-25,0.0,0.0
2016-07-26,0.0,0.0
2016-07-27,0.23333333333333334,1.0
2016-07-28,0.7,1.0
2016-07-29,0.06818181818181818,1.0
2016-07-30,0.14333333333333334,1.0
2016-07-31,0.0,0.0
2016-08-01,0.0,0.0
2016-08-07,0.0,0.0
2016-08-09,0.3,1.0
2016-08-10,0.0,0.0
2016-08-11,0.27499999999999997,1.0
2016-08-14,0.0,0.0
2016-08-15,0.0,0.0
2016-08-22,0.0,0.0
2016-08-23,0.0,0.0
2016-08-28,0.2,1.0
2016-08-30,0.23,1.0
2016-08-31,0.03749999999999999,1.0
2016-09-01,0.06666666666666667,1.0
2016-09-02,0.15416666666666667,1.0
2016-09-09,0.06111111111111111,1.0
2016-09-10,-0.5,-1.0
2016-09-13,0.19318181818181818,1.0
2016-09-14,0.0,0.0
2016-09-16,0.0,0.0
2016-09-17,0.26785714285714285,1.0
2016-09-18,0.0,0.0
2016-09-19,0.25,1.0
2016-09-21,0.057291666666666664,1.0
2016-09-22,0.06818181818181818,1.0
2016-09-24,0.7,1.0
2016-09-26,0.0,0.0
2016-09-27,0.2,1.0
2016-09-28,0.06818181818181818,1.0
2016-09-29,-0.005357142857142852,-1.0
2016-10-01,0.0,0.0
2016-10-02,0.275,1.0
2016-10-03,0.625,1.0
2016-10-04,0.175,1.0
2016-10-05,0.13333333333333333,1.0
2016-10-06,0.17407407407407405,1.0
2016-10-07,0.0,0.0
2016-10-09,0.15,1.0
2016-10-10,0.0,0.0
2016-10-13,-0.5,-1.0
2016-10-16,0.0,0.0
2016-10-17,0.2,1.0
2016-10-18,0.25,1.0
2016-10-19,0.0,0.0
2016-10-20,0.0,0.0
2016-10-22,0.0,0.0
2016-10-23,0.02500000000000001,1.0
2016-10-24,0.8,1.0
2016-10-26,0.25,1.0
2016-10-27,-0.0625,-1.0
2016-10-28,0.0,0.0
2016-10-29,0.05833333333333334,1.0
2016-11-02,0.0,0.0
2016-11-03,0.21944444444444444,1.0
2016-11-04,0.10914502164502163,1.0
2016-11-05,0.17500000000000002,1.0
2016-11-06,0.0,0.0
2016-11-07,0.5,1.0
2016-11-15,0.625,1.0
2016-11-16,0.02321428571428571,1.0
2016-11-17,0.24285714285714285,1.0
2016-11-18,0.0,0.0
2016-11-19,0.0,0.0
2016-11-22,0.0,0.0
2016-11-24,-0.15,-1.0
2016-11-27,0.0,0.0
2016-12-01,0.0,0.0
2016-12-07,-0.21666666666666667,-1.0
2016-12-08,0.0,0.0
2016-12-09,0.0,0.0
2016-12-11,0.3892857142857143,1.0
2016-12-17,-1.0,-1.0
2016-12-18,0.05,1.0
2016-12-21,0.0,0.0
2016-12-22,-0.025,-1.0
2016-12-23,0.07142857142857142,1.0
2016-12-24,0.0,0.0
2016-12-25,-0.1,-1.0
2016-12-30,-0.03333333333333333,-1.0
2016-12-31,-0.05,-1.0
2017-01-05,0.0,0.0
2017-01-07,0.1,1.0
2017-01-08,0.19318181818181818,1.0
2017-01-11,0.1125,1.0
2017-01-12,0.12407407407407407,1.0
2017-01-14,0.35,1.0
2017-01-15,0.0,0.0
2017-01-16,0.25,1.0
2017-01-18,0.0,0.0
2017-01-19,0.0,0.0
2017-01-21,0.0,0.0
2017-01-22,0.0,0.0
2017-01-23,-0.0625,-1.0
2017-01-24,0.04583333333333334,1.0
2017-01-25,0.0,0.0
2017-01-27,0.16542508417508417,1.0
2017-01-28,-0.057499999999999996,-1.0
2017-01-29,0.033333333333333326,1.0
2017-01-30,0.1875,1.0
2017-01-31,0.0,0.0
2017-02-02,0.0,0.0
2017-02-03,0.0,0.0
2017-02-04,0.11249999999999999,1.0
2017-02-05,0.1513888888888889,1.0
2017-02-07,0.0,0.0
2017-02-08,0.0,0.0
2017-02-09,0.0,0.0
2017-02-10,0.0,0.0
2017-02-11,0.3,1.0
2017-02-15,0.5062500000000001,1.0
2017-02-16,0.4833333333333333,1.0
2017-02-17,0.04791666666666666,1.0
2017-02-18,0.04722222222222221,1.0
2017-02-19,0.0,0.0
2017-02-23,1.0,1.0
2017-02-24,0.2642857142857143,1.0
2017-02-25,0.0,0.0
2017-02-27,0.325,1.0
2017-02-28,0.15625,1.0
2017-03-02,0.75,1.0
2017-03-06,0.0,0.0
2017-03-10,0.022222222222222237,1.0
2017-03-11,0.4119047619047619,1.0
2017-03-12,0.3,1.0
2017-03-13,0.5,1.0
2017-03-14,0.0,0.0
2017-03-16,0.4,1.0
2017-03-22,0.0,0.0
2017-03-23,0.0,0.0
2017-03-24,0.0,0.0
2017-03-28,0.0,0.0
2017-03-29,-0.1,-1.0
2017-03-30,-0.1,-1.0
2017-03-31,0.14263392857142856,1.0
2017-04-01,-0.1,-1.0
2017-04-02,0.0,0.0
2017-04-03,0.0,0.0
2017-04-05,0.0,0.0
2017-04-07,0.0,0.0
2017-04-12,0.125,1.0
2017-04-13,0.0,0.0
2017-04-17,0.15,1.0
2017-04-18,-0.25,-1.0
2017-04-23,0.1625,1.0
2017-04-24,0.0,0.0
2017-04-27,0.16666666666666666,1.0
2017-04-28,-0.1875,-1.0
2017-05-01,0.05888888888888888,1.0
2017-05-04,0.85,1.0
2017-05-05,0.0,0.0
2017-05-07,0.475,1.0
2017-05-08,0.25,1.0
2017-05-10,0.060416666666666674,1.0
2017-05-11,0.125,1.0
2017-05-12,-0.018750000000000003,-1.0
2017-05-13,0.0,0.0
2017-05-14,0.0,0.0
2017-05-16,0.0,0.0
2017-05-17,0.0,0.0
2017-05-20,0.08333333333333334,1.0
2017-05-21,0.0,0.0
2017-05-22,0.14393939393939395,1.0
2017-05-23,0.201984126984127,1.0
2017-05-24,0.17045454545454544,1.0
2017-05-25,0.04999999999999999,1.0
2017-05-26,0.0,0.0
2017-05-28,0.15625,1.0
2017-05-29,0.05,1.0
2017-05-31,0.05,1.0
2017-06-01,0.18333333333333335,1.0
2017-06-02,0.3,1.0
2017-06-03,0.125,1.0
2017-06-04,0.26666666666666666,1.0
2017-06-05,0.0,0.0
2017-06-06,0.0,0.0
2017-06-07,0.07291666666666667,1.0
2017-06-08,0.0,0.0
2017-06-09,0.04999999999999999,1.0
2017-06-10,0.06999999999999999,1.0
2017-06-11,-0.05,-1.0
2017-06-12,0.15454545454545454,1.0
2017-06-13,0.2560714285714286,1.0
2017-06-14,0.0,0.0
2017-06-16,0.4,1.0
2017-06-17,0.0,0.0
2017-06-18,0.0,0.0
2017-06-19,0.0,0.0
2017-06-20,0.04166666666666667,1.0
2017-06-21,0.14285714285714285,1.0
2017-06-22,0.0,0.0
2017-06-23,0.016666666666666666,1.0
2017-06-24,0.0,0.0
2017-06-25,0.11481481481481481,1.0
2017-06-26,0.16,1.0
2017-06-29,0.0,0.0
2017-06-30,0.0,0.0
2017-07-02,0.5375,1.0
2017-07-03,0.1,1.0
2017-07-04,0.23552489177489178,1.0
2017-07-06,0.35,1.0
2017-07-07,0.0,0.0
2017-07-08,0.0,0.0
2017-07-09,0.08666666666666667,1.0
2017-07-11,0.125,1.0
2017-07-12,0.4375,1.0
2017-07-13,0.135,1.0
2017-07-14,0.09166666666666667,1.0
2017-07-15,0.0,0.0
2017-07-17,-0.009,-1.0
2017-07-19,0.25,1.0
2017-07-20,0.08333333333333333,1.0
2017-07-21,0.3,1.0
2017-07-22,0.0,0.0
2017-07-25,0.0,0.0
2017-07-26,-0.4,-1.0
2017-07-27,0.0,0.0
2017-07-28,0.0,0.0
2017-07-29,0.3125,1.0
2017-07-30,0.0,0.0
2017-07-31,0.225,1.0
2017-08-01,0.5,1.0
2017-08-02,0.5,1.0
2017-08-03,0.0,0.0
2017-08-04,0.0,0.0
2017-08-05,0.055245535714285726,1.0
2017-08-06,0.0,0.0
2017-08-07,0.012499999999999997,1.0
2017-08-10,0.015625,1.0
2017-08-11,0.16666666666666666,1.0
2017-08-12,0.29,1.0
2017-08-13,0.024999999999999994,1.0
2017-08-14,-0.1,-1.0
2017-08-15,0.15366666666666667,1.0
2017-08-18,0.2,1.0
2017-08-19,0.0,0.0
2017-08-20,0.016666666666666666,1.0
2017-08-21,0.125,1.0
2017-08-22,0.15000000000000002,1.0
2017-08-23,0.06818181818181818,1.0
2017-08-25,0.0,0.0
2017-08-26,-0.14375,-1.0
2017-08-27,0.1333333333333333,1.0
2017-08-28,0.0,0.0
2017-08-29,0.14642857142857144,1.0
2017-08-30,0.0875,1.0
2017-08-31,0.0,0.0
2017-09-04,0.0,0.0
2017-09-08,0.0,0.0
2017-09-12,0.125,1.0
2017-09-13,-0.5,-1.0
2017-09-14,0.16,1.0
2017-09-15,0.5,1.0
2017-09-16,0.0,0.0
2017-09-19,0.2875,1.0
2017-09-20,0.325,1.0
2017-09-24,0.25,1.0
2017-09-25,0.08125,1.0
2017-09-26,0.175,1.0
2017-09-27,0.05367965367965369,1.0
2017-09-28,0.25,1.0
2017-09-29,0.13452380952380952,1.0
2017-10-02,0.3214285714285714,1.0
2017-10-04,0.0,0.0
2017-10-05,0.33958333333333335,1.0
2017-10-06,0.0,0.0
2017-10-07,0.25,1.0
2017-10-08,0.16666666666666666,1.0
2017-10-09,0.0,0.0
2017-10-11,-0.19599999999999998,-1.0
2017-10-12,0.0,0.0
2017-10-14,-0.0625,-1.0
2017-10-15,1.0,1.0
2017-10-16,0.30000000000000004,1.0
2017-10-18,-0.125,-1.0
2017-10-19,0.0,0.0
2017-10-20,0.2625,1.0
2017-10-21,0.25,1.0
2017-10-24,0.0,0.0
2017-10-26,-0.11458333333333334,-1.0
2017-10-28,-0.4583333333333333,-1.0
2017-11-07,-0.16666666666666666,-1.0
2017-11-08,0.0,0.0
2017-11-09,-0.2,-1.0
2017-11-10,0.5,1.0
2017-11-12,0.045075757575757575,1.0
2017-11-13,0.01785714285714285,1.0
2017-11-15,-0.08273809523809524,-1.0
2017-11-17,-0.05,-1.0
2017-11-19,0.19285714285714287,1.0
2017-11-20,0.7,1.0
2017-11-21,0.016666666666666663,1.0
2017-11-23,-0.18229166666666669,-1.0
2017-11-24,0.0,0.0
2017-11-25,0.5,1.0
2017-11-26,0.1875,1.0
2017-11-27,0.05,1.0
2017-11-28,0.0,0.0
2017-11-30,0.0,0.0
2017-12-02,0.0,0.0
2017-12-03,0.0,0.0
2017-12-07,0.0,0.0
2017-12-08,0.0,0.0
2017-12-11,0.0,0.0
2017-12-12,-0.25,-1.0
2017-12-13,-0.32257575757575757,-1.0
2017-12-14,0.0,0.0
2017-12-15,-0.5,-1.0
2017-12-16,0.0,0.0
2017-12-17,0.0,0.0
2017-12-19,0.25,1.0
2017-12-20,0.15,1.0
2017-12-21,0.027083333333333334,1.0
2017-12-23,0.0,0.0
2017-12-24,0.005681818181818177,1.0
2017-12-25,-0.024999999999999994,-1.0
2017-12-26,0.11666666666666667,1.0
2017-12-27,0.2,1.0
2018-01-03,0.2541666666666667,1.0
2018-01-05,-0.1,-1.0
2018-01-07,0.40909090909090906,1.0
2018-01-08,-0.05,-1.0
2018-01-09,0.19999999999999998,1.0
2018-01-12,0.16250000000000003,1.0
2018-01-13,0.44375,1.0
2018-01-15,0.14464285714285716,1.0
2018-01-18,0.0,0.0
2018-01-24,0.24999999999999997,1.0
2018-01-27,0.12083333333333333,1.0
2018-01-28,0.16666666666666666,1.0
2018-01-29,0.0,0.0
2018-01-30,0.0,0.0
2018-01-31,0.0,0.0
2018-02-01,0.0,0.0
2018-02-02,0.0,0.0
2018-02-03,0.0,0.0
2018-02-04,-0.105,-1.0
2018-02-05,0.0,0.0
2018-02-06,0.0,0.0
2018-02-07,0.075,1.0
2018-02-11,0.0,0.0
2018-02-12,0.02375,1.0
2018-02-16,-0.13333333333333333,-1.0
2018-02-17,0.06818181818181818,1.0
2018-02-18,0.5,1.0
2018-02-20,-0.1875,-1.0
2018-02-21,-0.1,-1.0
2018-02-22,0.0,0.0
2018-02-24,0.17857142857142858,1.0
2018-02-25,-0.125,-1.0
2018-02-27,0.08916666666666667,1.0
2018-02-28,0.0,0.0
2018-03-03,-0.26666666666666666,-1.0
2018-03-04,0.2866666666666667,1.0
2018-03-05,0.0,0.0
2018-03-06,0.13541666666666666,1.0
2018-03-07,0.0,0.0
2018-03-08,0.0,0.0
2018-03-09,0.0,0.0
2018-03-10,0.0,0.0
2018-03-11,-0.06666666666666665,-1.0
2018-03-12,1.0,1.0
2018-03-14,0.0,0.0
2018-03-15,0.0,0.0
2018-03-18,0.25,1.0
2018-03-19,0.0,0.0
2018-03-20,-0.010606060606060619,-1.0
2018-03-21,-0.16666666666666666,-1.0
2018-03-22,0.13809523809523808,1.0
2018-03-23,0.0,0.0
2018-03-24,-0.09614197530864198,-1.0
2018-03-25,0.0,0.0
2018-03-26,0.0,0.0
2018-03-27,0.0,0.0
2018-03-28,0.0,0.0
2018-03-30,0.021693121693121684,1.0
2018-03-31,0.5,1.0
2018-04-01,0.1,1.0
2018-04-02,0.06567460317460318,1.0
2018-04-04,0.16944444444444443,1.0
2018-04-05,0.07499999999999998,1.0
2018-04-06,0.0,0.0
2018-04-07,0.5,1.0
2018-04-08,0.0,0.0
2018-04-09,0.4,1.0
2018-04-10,0.155,1.0
2018-04-11,-0.03333333333333333,-1.0
2018-04-12,0.425,1.0
2018-04-13,0.02250000000000001,1.0
2018-04-15,0.0,0.0
2018-04-16,0.0,0.0
2018-04-17,0.0,0.0
2018-04-18,0.5,1.0
2018-04-19,0.21212121212121213,1.0
2018-04-23,-0.25,-1.0
2018-04-25,0.0,0.0
2018-04-26,0.0,0.0
2018-04-27,-0.0909090909090909,-1.0
2018-04-28,0.25,1.0
2018-04-30,0.0,0.0
2018-05-01,0.5,1.0
2018-05-02,0.0,0.0
2018-05-03,0.35000000000000003,1.0
2018-05-04,0.0,0.0
2018-05-05,0.0,0.0
2018-05-06,0.375,1.0
2018-05-07,0.0,0.0
2018-05-08,0.0,0.0
2018-05-09,0.0,0.0
2018-05-10,0.0,0.0
2018-05-11,0.09074074074074073,1.0
2018-05-12,0.0,0.0
2018-05-13,0.2,1.0
2018-05-14,0.1,1.0
2018-05-16,-0.55,-1.0
2018-05-17,0.0,0.0
2018-05-18,0.0,0.0
2018-05-19,0.15000000000000005,1.0
2018-05-20,0.18095238095238098,1.0
2018-05-21,0.05958333333333335,1.0
2018-05-22,0.0625,1.0
2018-05-23,0.0,0.0
2018-05-24,0.0005208333333333315,1.0
2018-05-25,0.0,0.0
2018-05-26,0.0,0.0
2018-05-27,0.0,0.0
2018-05-28,0.1775,1.0
2018-05-29,0.0,0.0
2018-05-30,0.02291666666666667,1.0
2018-05-31,0.0,0.0
2018-06-01,0.2875,1.0
2018-06-02,0.0,0.0
2018-06-03,0.09621212121212121,1.0
2018-06-04,-0.009375000000000008,-1.0
2018-06-05,0.35,1.0
2018-06-06,0.05,1.0
2018-06-07,0.0,0.0
2018-06-08,0.0,0.0
2018-06-09,0.0,0.0
2018-06-10,0.11000000000000001,1.0
2018-06-11,0.525,1.0
2018-06-12,0.041666666666666664,1.0
2018-06-13,-0.08333333333333333,-1.0
2018-06-14,0.0,0.0
2018-06-15,0.0,0.0
2018-06-16,0.025,1.0
2018-06-17,0.05,1.0
2018-06-18,0.44999999999999996,1.0
2018-06-19,0.0,0.0
2018-06-20,0.0,0.0
2018-06-21,0.0,0.0
2018-06-22,0.16875,1.0
2018-06-23,0.0,0.0
2018-06-24,0.0,0.0
2018-06-25,0.03333333333333334,1.0
2018-06-26,0.0,0.0
2018-06-27,0.19183035714285715,1.0
2018-06-28,0.2729166666666667,1.0
2018-06-29,0.0,0.0
2018-06-30,0.0,0.0
2018-07-01,0.0,0.0
2018-07-02,0.4,1.0
2018-07-03,0.0,0.0
2018-07-04,0.0,0.0
2018-07-05,0.1,1.0
2018-07-06,0.0515625,1.0
2018-07-07,0.020833333333333332,1.0
2018-07-08,0.0,0.0
2018-07-09,0.0875,1.0
2018-07-10,0.08095238095238096,1.0
2018-07-11,0.0,0.0
2018-07-12,0.33099999999999996,1.0
2018-07-13,0.26904761904761904,1.0
2018-07-14,0.0,0.0
2018-07-15,0.0,0.0
2018-07-18,0.0,0.0
2018-07-20,0.017045454545454544,1.0
2018-07-21,0.0,0.0
2018-07-22,0.375,1.0
2018-07-23,0.16,1.0
2018-07-24,0.0,0.0
2018-07-25,0.0,0.0
2018-07-26,0.38958333333333334,1.0
2018-07-27,0.0,0.0
2018-07-28,0.025,1.0
2018-07-29,0.0,0.0
2018-07-30,0.0,0.0
2018-07-31,0.13333333333333333,1.0
2018-08-01,0.0,0.0
2018-08-02,0.0,0.0
2018-08-04,0.175,1.0
2018-08-05,0.0,0.0
2018-08-06,0.11818181818181818,1.0
2018-08-07,0.0,0.0
2018-08-08,0.0,0.0
2018-08-09,0.0,0.0
2018-08-10,0.31875,1.0
2018-08-11,0.0,0.0
2018-08-13,0.4000000000000001,1.0
2018-08-14,0.0,0.0
2018-08-16,0.0,0.0
2018-08-17,0.28910714285714284,1.0
2018-08-18,0.6638888888888889,1.0
2018-08-19,0.0,0.0
2018-08-21,0.0,0.0
2018-08-22,0.0,0.0
2018-08-23,0.4,1.0
2018-08-24,0.19444444444444442,1.0
2018-08-25,0.06071428571428571,1.0
2018-08-26,0.062261904761904754,1.0
2018-08-28,0.0,0.0
2018-08-29,0.0,0.0
2018-08-30,0.0,0.0
2018-08-31,0.01666666666666667,1.0
2018-09-04,0.525,1.0
2018-09-05,0.09196428571428572,1.0
2018-09-06,0.0,0.0
2018-09-07,0.0,0.0
2018-09-08,0.0,0.0
2018-09-11,0.18601190476190477,1.0
2018-09-12,0.23214285714285715,1.0
2018-09-13,0.0,0.0
2018-09-14,0.0,0.0
2018-09-15,0.0,0.0
2018-09-16,0.1375,1.0
2018-09-17,0.024999999999999994,1.0
2018-09-18,0.065,1.0
2018-09-19,0.08611111111111111,1.0
2018-09-20,0.13125,1.0
2018-09-21,-0.8,-1.0
2018-09-22,0.1813852813852814,1.0
2018-09-24,0.11875,1.0
2018-09-25,0.0,0.0
2018-09-26,0.08750000000000002,1.0
2018-09-28,0.0,0.0
2018-09-29,0.0,0.0
2018-10-01,-0.15000000000000002,-1.0
2018-10-02,-0.32222222222222224,-1.0
2018-10-04,0.3833333333333333,1.0
2018-10-05,0.0,0.0
2018-10-06,0.0,0.0
2018-10-07,0.0,0.0
2018-10-08,0.0,0.0
2018-10-09,0.31785714285714284,1.0
2018-10-10,-0.15000000000000002,-1.0
2018-10-11,0.0,0.0
2018-10-12,0.0,0.0
2018-10-13,0.3,1.0
2018-10-14,0.024999999999999994,1.0
2018-10-15,0.17182539682539683,1.0
2018-10-16,0.0,0.0
2018-10-17,0.0,0.0
2018-10-18,0.0,0.0
2018-10-19,0.175,1.0
2018-10-20,0.0,0.0
2018-10-21,0.0,0.0
2018-10-22,0.13333333333333333,1.0
2018-10-23,0.0,0.0
2018-10-25,0.0,0.0
2018-10-26,0.0,0.0
2018-10-27,0.2,1.0
2018-10-29,0.2,1.0
2018-10-31,0.08666666666666667,1.0
2018-11-01,0.13,1.0
2018-11-02,0.0,0.0
2018-11-03,0.00357142857142857,1.0
2018-11-04,0.5,1.0
2018-11-06,0.0,0.0
2018-11-07,0.0,0.0
2018-11-08,0.53,1.0
2018-11-09,0.3625,1.0
2018-11-10,0.11666666666666667,1.0
2018-11-11,-0.04166666666666666,-1.0
2018-11-12,0.375,1.0
2018-11-14,0.1,1.0
2018-11-15,0.0,0.0
2018-11-16,0.2,1.0
2018-11-17,0.0,0.0
2018-11-19,0.03994047619047619,1.0
2018-11-20,0.0,0.0
2018-11-21,0.0,0.0
2018-11-22,0.8,1.0
2018-11-23,0.0,0.0
2018-11-25,0.0,0.0
2018-11-26,0.0,0.0
2018-11-27,0.1,1.0
2018-11-28,0.0,0.0
2018-11-29,0.016666666666666666,1.0
2018-11-30,0.0,0.0
2018-12-01,0.0,0.0
2018-12-02,0.0,0.0
2018-12-03,-0.012500000000000011,-1.0
2018-12-04,0.0,0.0
2018-12-05,0.0,0.0
2018-12-07,0.02500000000000001,1.0
2018-12-08,0.04776785714285715,1.0
2018-12-09,0.09166666666666665,1.0
2018-12-11,0.19833333333333336,1.0
2018-12-12,0.0,0.0
2018-12-13,0.375,1.0
2018-12-14,0.0,0.0
2018-12-15,0.0,0.0
2018-12-16,0.125,1.0
2018-12-17,0.0,0.0
2018-12-18,0.0,0.0
2018-12-19,0.08904761904761906,1.0
2018-12-20,0.05,1.0
2018-12-21,0.0,0.0
2018-12-22,0.0,0.0
2018-12-23,0.0,0.0
2018-12-24,0.0,0.0
2018-12-25,0.0,0.0
2018-12-26,0.0,0.0
2018-12-27,0.0,0.0
2018-12-28,0.484375,1.0
2018-12-30,0.15625,1.0
2018-12-31,0.48522727272727273,1.0
2019-01-01,0.2,1.0
2019-01-03,0.0,0.0
2019-01-04,0.0,0.0
2019-01-05,0.0,0.0
2019-01-06,-0.033333333333333326,-1.0
2019-01-07,0.3125,1.0
2019-01-08,0.0,0.0
2019-01-09,0.0,0.0
2019-01-10,0.0,0.0
2019-01-11,0.0,0.0
2019-01-12,0.5,1.0
2019-01-13,0.0,0.0
2019-01-14,0.425,1.0
2019-01-15,0.5,1.0
2019-01-16,0.38,1.0
2019-01-17,0.12678571428571428,1.0
2019-01-19,0.0,0.0
2019-01-21,0.0,0.0
2019-01-22,0.15000000000000002,1.0
2019-01-23,0.0,0.0
2019-01-25,0.0,0.0
2019-01-26,0.4,1.0
2019-01-27,0.24285714285714288,1.0
2019-01-28,0.0,0.0
2019-01-29,0.275,1.0
2019-01-30,0.0,0.0
2019-01-31,0.2706313131313131,1.0
2019-02-01,0.0,0.0
2019-02-02,0.0,0.0
2019-02-03,0.0,0.0
2019-02-04,0.0,0.0
2019-02-05,0.25,1.0
2019-02-06,0.020833333333333315,1.0
2019-02-07,0.0,0.0
2019-02-08,0.11000000000000001,1.0
2019-02-09,0.0,0.0
2019-02-10,0.25,1.0
2019-02-11,0.016943027210884355,1.0
2019-02-12,0.0,0.0
2019-02-13,0.037500000000000006,1.0
2019-02-14,0.305,1.0
2019-02-15,0.25,1.0
2019-02-16,0.0,0.0
2019-02-17,0.12500000000000003,1.0
2019-02-18,-0.05,-1.0
2019-02-19,0.0,0.0
2019-02-20,0.0,0.0
2019-02-21,0.1284722222222222,1.0
2019-02-22,0.0,0.0
2019-02-23,0.0,0.0
2019-02-25,0.0,0.0
2019-02-26,0.15,1.0
2019-02-27,0.0,0.0
2019-02-28,0.0,0.0
2019-03-01,0.1875,1.0
2019-03-02,0.020833333333333332,1.0
2019-03-03,0.0,0.0
2019-03-04,0.0,0.0
2019-03-05,0.0,0.0
2019-03-06,0.0,0.0
2019-03-07,0.375,1.0
2019-03-08,0.0,0.0
2019-03-09,0.06666666666666667,1.0
2019-03-10,0.12857142857142856,1.0
2019-03-11,0.25,1.0
2019-03-12,0.0,0.0
2019-03-13,0.0,0.0
2019-03-14,0.0,0.0
2019-03-15,0.0,0.0
2019-03-16,0.0,0.0
2019-03-17,0.075,1.0
2019-03-20,0.0,0.0
2019-03-21,0.0,0.0
2019-03-22,0.26666666666666666,1.0
2019-03-24,0.0,0.0
2019-03-25,0.6666666666666666,1.0
2019-03-26,0.012585714285714287,1.0
2019-03-27,0.0,0.0
2019-03-28,0.2,1.0
2019-03-29,0.31000000000000005,1.0
2019-03-30,0.0,0.0
2019-03-31,0.0,0.0
2019-04-01,0.0,0.0
2019-04-02,0.0,0.0
2019-04-03,0.0,0.0
2019-04-04,0.0,0.0
2019-04-05,0.2,1.0
2019-04-06,0.20625,1.0
2019-04-07,0.4,1.0
2019-04-08,0.0,0.0
2019-04-09,0.35,1.0
2019-04-10,0.12222222222222219,1.0
2019-04-11,0.225,1.0
2019-04-12,0.0,0.0
2019-04-13,0.012500000000000011,1.0
2019-04-14,0.0,0.0
2019-04-15,0.0,0.0
2019-04-16,0.175,1.0
2019-04-17,0.2,1.0
2019-04-18,0.0,0.0
2019-04-19,0.0,0.0
2019-04-20,0.0,0.0
2019-04-21,0.0,0.0
2019-04-22,0.4875,1.0
2019-04-23,0.0,0.0
2019-04-24,0.020833333333333332,1.0
2019-04-25,0.06818181818181818,1.0
2019-04-26,0.0,0.0
2019-04-27,0.0,0.0
2019-04-28,0.012500000000000004,1.0
2019-04-29,0.0,0.0
2019-04-30,0.05,1.0
2019-05-01,0.09999999999999998,1.0
2019-05-03,0.0,0.0
2019-05-04,0.525,1.0
2019-05-05,0.0,0.0
2019-05-06,0.0,0.0
2019-05-07,0.0,0.0
2019-05-08,0.15,1.0
2019-05-09,0.0,0.0
2019-05-10,0.0,0.0
2019-05-11,0.0,0.0
2019-05-12,0.3333333333333333,1.0
2019-05-13,0.0,0.0
2019-05-14,0.0,0.0
2019-05-15,0.0,0.0
2019-05-16,0.1875,1.0
2019-05-17,0.0,0.0
2019-05-18,0.04999999999999999,1.0
2019-05-19,0.0,0.0
2019-05-21,0.3,1.0
2019-05-22,0.0,0.0
2019-05-23,0.0,0.0
2019-05-24,0.1,1.0
2019-05-25,0.1,1.0
2019-05-26,0.24383838383838383,1.0
2019-05-27,0.21428571428571427,1.0
2019-05-28,0.575,1.0
2019-05-29,-0.15,-1.0
2019-05-30,0.175,1.0
2019-05-31,0.0,0.0
2019-06-01,0.0,0.0
2019-06-02,0.12433333333333334,1.0
2019-06-03,0.0,0.0
2019-06-04,0.0,0.0
2019-06-05,0.5,1.0
2019-06-07,-0.2,-1.0
2019-06-09,0.0,0.0
2019-06-10,0.13125,1.0
2019-06-11,0.0,0.0
2019-06-12,0.033333333333333326,1.0
2019-06-13,0.2,1.0
2019-06-14,0.0,0.0
2019-06-15,0.13333333333333333,1.0
2019-06-16,0.05,1.0
2019-06-17,0.0,0.0
2019-06-18,0.0,0.0
2019-06-19,0.0,0.0
2019-06-20,0.0,0.0
2019-06-21,0.16805555555555557,1.0
2019-06-22,0.0,0.0
2019-06-23,0.0,0.0
2019-06-24,0.08333333333333333,1.0
2019-06-25,0.0,0.0
2019-06-26,0.06999999999999999,1.0
2019-06-27,0.11249999999999999,1.0
2019-06-28,0.0,0.0
2019-06-29,0.35625000000000007,1.0
2019-06-30,0.16,1.0
2019-07-01,0.25,1.0
2019-07-02,0.20653409090909092,1.0
2019-07-03,0.0,0.0
2019-07-04,0.18333333333333335,1.0
2019-07-06,0.0,0.0
2019-07-07,0.0,0.0
2019-07-08,0.0,0.0
2019-07-09,0.0,0.0
2019-07-10,0.35,1.0
2019-07-11,0.4,1.0
2019-07-12,0.0625,1.0
2019-07-13,0.0,0.0
2019-07-14,0.0,0.0
2019-07-15,0.0,0.0
2019-07-16,0.0,0.0
2019-07-17,0.0,0.0
2019-07-18,0.0,0.0
2019-07-19,0.0,0.0
2019-07-20,0.0,0.0
2019-07-21,0.033333333333333326,1.0
2019-07-22,0.0,0.0
2019-07-23,0.0,0.0
2019-07-24,0.0,0.0
2019-07-25,-0.010833333333333334,-1.0
2019-07-26,0.0,0.0
2019-07-27,0.12035714285714286,1.0
2019-07-28,0.0,0.0
2019-07-30,0.2,1.0
2019-07-31,0.15000000000000002,1.0
2019-08-01,0.0,0.0
2019-08-02,0.725,1.0
2019-08-03,-0.5,-1.0
2019-08-04,0.0,0.0
2019-08-05,0.19999999999999998,1.0
2019-08-06,0.2726190476190476,1.0
2019-08-07,0.125,1.0
2019-08-08,0.25,1.0
2019-08-09,0.128125,1.0
2019-08-10,0.0,0.0
2019-08-11,0.0,0.0
2019-08-13,-0.1,-1.0
2019-08-14,0.175,1.0
2019-08-15,0.0,0.0
2019-08-16,0.0,0.0
2019-08-17,0.0,0.0
2019-08-18,0.0,0.0
2019-08-19,0.0,0.0
2019-08-20,0.0,0.0
2019-08-21,0.05,1.0
2019-08-23,0.5,1.0
2019-08-24,0.0,0.0
2019-08-25,0.0,0.0
2019-08-26,0.0,0.0
2019-08-27,0.0,0.0
2019-08-28,0.0,0.0
2019-08-29,0.0,0.0
2019-08-30,0.25,1.0
2019-09-03,0.0,0.0
2019-09-04,0.16,1.0
2019-09-05,0.0,0.0
2019-09-06,0.0,0.0
2019-09-07,0.0,0.0
2019-09-08,0.0,0.0
2019-09-09,0.03333333333333333,1.0
2019-09-10,0.13455,1.0
2019-09-11,0.0,0.0
2019-09-12,0.0,0.0
2019-09-13,0.0,0.0
2019-09-14,0.24366666666666664,1.0
2019-09-15,0.0,0.0
2019-09-16,0.0,0.0
2019-09-17,0.1,1.0
2019-09-18,0.0,0.0
2019-09-19,0.125,1.0
2019-09-20,0.0,0.0
2019-09-21,0.0,0.0
2019-09-22,0.0,0.0
2019-09-23,0.0,0.0
2019-09-24,0.1865740740740741,1.0
2019-09-25,0.0,0.0
2019-09-26,0.018690476190476188,1.0
2019-09-27,0.0,0.0
2019-09-28,0.25,1.0
2019-09-29,0.0,0.0
2019-10-01,0.16250000000000003,1.0
2019-10-02,0.14523809523809525,1.0
2019-10-03,0.0,0.0
2019-10-04,0.1173611111111111,1.0
2019-10-05,0.225,1.0
2019-10-06,0.08333333333333333,1.0
2019-10-07,0.0,0.0
2019-10-08,0.10000000000000002,1.0
2019-10-09,0.0,0.0
2019-10-10,0.18888888888888888,1.0
2019-10-11,0.35714285714285715,1.0
2019-10-12,0.05642857142857143,1.0
2019-10-13,0.2,1.0
2019-10-14,0.03125,1.0
2019-10-15,0.0,0.0
2019-10-16,0.125,1.0
2019-10-17,0.0,0.0
2019-10-18,-0.2,-1.0
2019-10-21,0.197979797979798,1.0
2019-10-22,0.0,0.0
2019-10-23,0.31363636363636366,1.0
2019-10-24,0.0,0.0
2019-10-25,0.0,0.0
2019-10-26,0.0,0.0
2019-10-27,0.14097222222222222,1.0
2019-10-28,0.1,1.0
2019-10-29,0.4875,1.0
2019-10-30,0.1875,1.0
2019-10-31,-0.125,-1.0
2019-11-01,0.5,1.0
2019-11-04,0.39166666666666666,1.0
2019-11-05,0.23928571428571427,1.0
2019-11-06,0.0,0.0
2019-11-07,0.0,0.0
2019-11-08,0.0,0.0
2019-11-09,-0.2944444444444444,-1.0
2019-11-10,0.1,1.0
2019-11-11,0.0,0.0
2019-11-12,0.0,0.0
2019-11-13,0.0,0.0
2019-11-14,0.0,0.0
2019-11-15,0.2857142857142857,1.0
2019-11-16,0.0,0.0
2019-11-18,0.0,0.0
2019-11-19,0.21428571428571427,1.0
2019-11-20,0.0,0.0
2019-11-21,0.0,0.0
2019-11-22,0.14464285714285713,1.0
2019-11-23,0.0,0.0
2019-11-24,0.05075757575757575,1.0
2019-11-25,0.0,0.0
2019-11-26,0.375,1.0
2019-11-27,0.0,0.0
2019-11-29,0.0,0.0
2019-12-01,-0.13333333333333333,-1.0
2019-12-02,0.2,1.0
2019-12-03,0.0,0.0
2019-12-04,0.0,0.0
2019-12-07,0.3128472222222222,1.0
2019-12-08,0.23055555555555557,1.0
2019-12-09,0.625,1.0
2019-12-10,0.15,1.0
2019-12-11,0.1,1.0
2019-12-12,0.0,0.0
2019-12-13,0.0,0.0
2019-12-14,0.0,0.0
2019-12-17,0.1,1.0
2019-12-18,-0.04999999999999997,-1.0
2019-12-19,0.0,0.0
2019-12-20,0.0,0.0
2019-12-21,0.18229166666666666,1.0
2019-12-22,0.0,0.0
2019-12-23,0.0,0.0
2019-12-24,0.0,0.0
2019-12-25,0.021693121693121684,1.0
2019-12-26,0.0,0.0
2019-12-27,0.13333333333333333,1.0
2019-12-28,0.0,0.0
2019-12-29,0.06000000000000001,1.0
2019-12-30,0.13693181818181818,1.0
2019-12-31,0.0,0.0
2020-01-01,0.0,0.0
2020-01-04,0.175,1.0
2020-01-05,0.5,1.0
2020-01-07,0.0,0.0
2020-01-08,0.46875000000000006,1.0
2020-01-09,0.0,0.0
2020-01-10,0.1375,1.0
2020-01-11,0.0,0.0
2020-01-12,0.2,1.0
2020-01-13,0.172,1.0
2020-01-14,0.15008333333333332,1.0
2020-01-15,0.23253968253968257,1.0
2020-01-16,0.0,0.0
2020-01-17,0.0,0.0
2020-01-18,0.0,0.0
2020-01-19,0.2,1.0
2020-01-20,0.25,1.0
2020-01-21,0.0,0.0
2020-01-22,0.0,0.0
2020-01-23,0.25,1.0
2020-01-24,0.05,1.0
2020-01-25,0.0893939393939394,1.0
2020-01-26,0.20625,1.0
2020-01-28,0.0,0.0
2020-01-29,0.0,0.0
2020-01-30,0.0,0.0
2020-01-31,0.0,0.0
2020-02-01,0.0,0.0
2020-02-02,0.05,1.0
2020-02-03,0.18066666666666667,1.0
2020-02-04,0.051785714285714275,1.0
2020-02-05,0.0,0.0
2020-02-06,0.0,0.0
2020-02-07,0.10416666666666667,1.0
2020-02-08,0.0,0.0
2020-02-09,0.125,1.0
2020-02-10,0.04166666666666667,1.0
2020-02-12,0.078125,1.0
2020-02-13,-0.08,-1.0
2020-02-14,0.0,0.0
2020-02-15,0.0,0.0
2020-02-16,0.0,0.0
2020-02-18,0.0,0.0
2020-02-19,0.28125,1.0
2020-02-20,0.0,0.0
2020-02-21,0.0,0.0
2020-02-22,0.3,1.0
2020-02-25,0.0,0.0
2020-02-26,0.0,0.0
2020-02-27,0.05,1.0
2020-02-28,0.029166666666666667,1.0
2020-03-02,0.0,0.0
2020-03-03,0.09375,1.0
2020-03-04,0.12878787878787878,1.0
2020-03-05,0.13636363636363635,1.0
2020-03-06,-0.375,-1.0
2020-03-07,0.0,0.0
2020-03-08,0.11142857142857143,1.0
2020-03-09,0.0,0.0
2020-03-10,0.0,0.0
2020-03-11,0.0,0.0
2020-03-12,-0.18333333333333326,-1.0
2020-03-14,0.0,0.0
2020-03-15,0.0,0.0
2020-03-16,0.0,0.0
2020-03-17,0.1738095238095238,1.0
2020-03-18,0.0021875,1.0
2020-03-19,0.0,0.0
2020-03-20,0.0,0.0
2020-03-21,0.02290909090909089,1.0
2020-03-22,0.11333333333333334,1.0
2020-03-23,0.10664682539682539,1.0
2020-03-24,0.11587301587301586,1.0
2020-03-25,0.0909090909090909,1.0
2020-03-26,0.0,0.0
2020-03-27,0.0,0.0
2020-03-28,0.2,1.0
2020-03-30,0.0,0.0
2020-03-31,0.0,0.0
2020-04-01,0.0,0.0
2020-04-02,0.1125,1.0
2020-04-03,0.0625,1.0
2020-04-04,0.0,0.0
2020-04-05,0.0,0.0
2020-04-06,0.5,1.0
2020-04-07,0.0,0.0
2020-04-08,0.22499999999999998,1.0
2020-04-09,0.0,0.0
2020-04-10,0.0,0.0
2020-04-11,0.101,1.0
2020-04-12,0.0,0.0
2020-04-13,0.0,0.0
2020-04-15,0.3055555555555556,1.0
2020-04-16,0.06666666666666667,1.0
2020-04-17,0.0875,1.0
2020-04-18,0.0,0.0
2020-04-19,0.2,1.0
2020-04-20,0.0,0.0
2020-04-21,0.0,0.0
2020-04-22,0.010416666666666668,1.0
2020-04-23,0.0,0.0
2020-04-24,0.0,0.0
2020-04-25,0.0,0.0
2020-04-26,0.0,0.0
2020-04-27,0.030833333333333334,1.0
2020-04-28,0.07500000000000001,1.0
2020-04-29,0.1125,1.0
2020-04-30,0.0,0.0
2020-05-01,0.0,0.0
2020-05-02,0.0,0.0
2020-05-03,0.0,0.0
2020-05-04,0.0,0.0
2020-05-05,0.0,0.0
2020-05-06,0.0625,1.0
2020-05-07,0.0,0.0
2020-05-08,0.017222222222222215,1.0
2020-05-09,0.0,0.0
2020-05-10,0.0,0.0
2020-05-11,0.0,0.0
2020-05-12,0.0,0.0
2020-05-13,0.0,0.0
2020-05-14,0.25,1.0
2020-05-15,0.10357142857142856,1.0
2020-05-16,0.195,1.0
2020-05-17,0.0,0.0
2020-05-19,0.04583333333333333,1.0
2020-05-20,0.35,1.0
2020-05-21,0.35,1.0
2020-05-22,0.0,0.0
2020-05-23,0.0,0.0
2020-05-24,0.0,0.0
2020-05-25,0.0,0.0
2020-05-26,0.275,1.0
2020-05-27,0.0,0.0
2020-05-28,0.8,1.0
2020-05-29,0.3,1.0
2020-05-30,0.0,0.0
2020-05-31,0.0,0.0
2020-06-01,0.0,0.0
2020-06-02,0.0,0.0
2020-06-04,-0.005729166666666681,-1.0
2020-06-05,0.0,0.0
2020-06-06,0.0,0.0
2020-06-07,0.0,0.0
2020-06-08,0.10890625,1.0
2020-06-09,0.0,0.0
2020-06-10,0.07500000000000001,1.0
2020-06-11,0.0,0.0
2020-06-14,0.0,0.0
2020-06-15,0.0,0.0
2020-06-16,0.0,0.0
2020-06-17,0.0,0.0
2020-06-18,0.0,0.0
2020-06-19,0.0,0.0
2020-06-20,0.0,0.0
2020-06-21,0.08249999999999999,1.0
2020-06-22,0.0,0.0
2020-06-23,0.0,0.0
2020-06-24,0.18191964285714285,1.0
2020-06-25,0.0,0.0
2020-06-26,0.0,0.0
2020-06-27,0.19999999999999998,1.0
2020-06-28,0.2,1.0
2020-06-29,0.0,0.0
2020-06-30,0.31785714285714284,1.0
2020-07-01,0.06666666666666667,1.0
2020-07-02,0.0,0.0
2020-07-03,0.19999999999999998,1.0
2020-07-04,0.1,1.0
2020-07-05,0.0,0.0
2020-07-06,0.15000000000000002,1.0
2020-07-07,0.0,0.0
2020-07-08,0.2,1.0
2020-07-09,0.0,0.0
2020-07-10,0.016666666666666663,1.0
2020-07-11,0.0,0.0
2020-07-12,0.8,1.0
2020-07-13,0.04,1.0
2020-07-14,0.1,1.0
2020-07-15,0.0,0.0
2020-07-18,0.0,0.0
2020-07-19,0.0,0.0
2020-07-20,-0.0125,-1.0
2020-07-21,0.08,1.0
2020-07-22,0.0,0.0
2020-07-23,0.2,1.0
2020-07-24,0.059523809523809514,1.0
2020-07-25,0.0,0.0
2020-07-26,0.25,1.0
2020-07-27,0.175,1.0
2020-07-28,0.0,0.0
2020-07-29,0.0,0.0
2020-07-30,0.0,0.0
2020-07-31,0.0,0.0
2020-08-01,0.0,0.0
2020-08-02,0.06818181818181818,1.0
2020-08-03,0.225,1.0
2020-08-04,0.125,1.0
2020-08-05,0.14,1.0
2020-08-07,0.175,1.0
2020-08-08,0.0,0.0
2020-08-09,0.0,0.0
2020-08-11,0.0,0.0
2020-08-12,0.17708333333333331,1.0
2020-08-13,0.0,0.0
2020-08-14,0.14761904761904762,1.0
2020-08-15,0.06666666666666667,1.0
2020-08-16,0.0,0.0
2020-08-17,0.0,0.0
2020-08-18,0.0,0.0
2020-08-19,0.0,0.0
2020-08-20,0.0,0.0
2020-08-21,0.0,0.0
2020-08-24,0.15,1.0
2020-08-25,0.0,0.0
2020-08-26,0.0,0.0
2020-08-27,0.065,1.0
2020-08-28,0.0,0.0
2020-08-29,0.0,0.0
2020-08-30,0.0,0.0
2020-08-31,0.037500000000000006,1.0
2020-09-01,0.0,0.0
2020-09-03,0.0,0.0
2020-09-04,0.21250000000000002,1.0
2020-09-05,0.09351851851851853,1.0
2020-09-07,-0.13000000000000003,-1.0
2020-09-08,0.0,0.0
2020-09-09,0.0,0.0
2020-09-10,0.2914772727272727,1.0
2020-09-11,0.21875,1.0
2020-09-12,0.2,1.0
2020-09-13,0.27249999999999996,1.0
2020-09-14,0.275,1.0
2020-09-15,0.24772727272727274,1.0
2020-09-16,0.0,0.0
2020-09-17,0.0,0.0
2020-09-18,0.5,1.0
2020-09-19,0.11916666666666667,1.0
2020-09-20,0.0,0.0
2020-09-21,0.25,1.0
2020-09-22,0.2,1.0
2020-09-23,0.0,0.0
2020-09-24,0.0,0.0
2020-09-25,0.0,0.0
2020-09-26,0.0,0.0
2020-09-27,0.0,0.0
2020-09-28,0.1409090909090909,1.0
2020-09-29,0.30000000000000004,1.0
2020-09-30,0.0,0.0
2020-10-01,0.19999999999999998,1.0
2020-10-02,0.21250000000000002,1.0
2020-10-03,0.05,1.0
2020-10-04,0.08901515151515152,1.0
2020-10-05,0.20625,1.0
2020-10-06,0.0,0.0
2020-10-07,0.018666666666666665,1.0
2020-10-08,0.0,0.0
2020-10-09,0.14625,1.0
2020-10-10,0.0,0.0
2020-10-11,0.13636363636363635,1.0
2020-10-12,0.013194444444444446,1.0
2020-10-13,0.0,0.0
2020-10-14,0.0,0.0
2020-10-15,0.0,0.0
2020-10-16,0.2,1.0
2020-10-17,0.07083333333333335,1.0
2020-10-19,0.0,0.0
2020-10-21,0.0,0.0
2020-10-22,0.09185876623376621,1.0
2020-10-23,0.26041666666666663,1.0
2020-10-24,0.10972222222222221,1.0
2020-10-25,0.0,0.0
2020-10-26,0.225,1.0
2020-10-27,0.016666666666666663,1.0
2020-10-28,0.33125000000000004,1.0
2020-10-29,0.0,0.0
2020-10-30,0.165,1.0
2020-10-31,0.2318080357142857,1.0
2020-11-01,0.0,0.0
2020-11-02,0.16727272727272724,1.0
2020-11-03,0.011904761904761904,1.0
2020-11-04,0.8,1.0
2020-11-05,0.0,0.0
2020-11-06,0.12375,1.0
2020-11-07,0.0,0.0
2020-11-08,0.01785714285714286,1.0
2020-11-09,0.0,0.0
2020-11-10,0.15000000000000002,1.0
2020-11-11,0.0,0.0
2020-11-12,0.7625,1.0
2020-11-13,0.00023809523809523725,1.0
2020-11-14,0.0,0.0
2020-11-15,0.0,0.0
2020-11-16,0.0,0.0
2020-11-17,0.08750000000000005,1.0
2020-11-18,0.0,0.0
2020-11-19,0.14351731601731602,1.0
2020-11-20,0.0,0.0
2020-11-21,0.0,0.0
2020-11-22,0.5,1.0
2020-11-23,0.1,1.0
2020-11-24,0.03333333333333333,1.0
2020-11-25,0.0625,1.0
2020-11-26,0.1375,1.0
2020-11-28,0.05000000000000002,1.0
2020-11-29,0.25,1.0
2020-11-30,0.4125,1.0
2020-12-01,0.0,0.0
2020-12-02,0.0,0.0
2020-12-03,0.3499999999999999,1.0
2020-12-04,0.0,0.0
2020-12-05,0.0,0.0
2020-12-06,0.0,0.0
2020-12-07,0.0,0.0
2020-12-08,0.0,0.0
2020-12-09,0.0,0.0
2020-12-10,0.322265625,1.0
2020-12-11,0.0,0.0
2020-12-12,0.2,1.0
2020-12-13,0.0,0.0
2020-12-14,0.0,0.0
2020-12-15,0.24805194805194805,1.0
2020-12-16,0.146875,1.0
2020-12-17,0.0,0.0
2020-12-20,0.10000000000000002,1.0
2020-12-21,0.0,0.0
2020-12-22,0.0,0.0
2020-12-23,0.09999999999999998,1.0
2020-12-24,0.0,0.0
2020-12-25,0.05324074074074074,1.0
2020-12-26,0.04444444444444445,1.0
2020-12-27,0.225,1.0
2020-12-28,0.1,1.0
2020-12-29,0.0,0.0
2020-12-30,0.033333333333333326,1.0
2020-12-31,0.15,1.0
2021-01-01,0.16666666666666666,1.0
2021-01-02,0.15000000000000002,1.0
2021-01-03,0.0,0.0
2021-01-04,0.03154761904761905,1.0
2021-01-05,0.35,1.0
2021-01-07,0.0,0.0
2021-01-08,0.06666666666666667,1.0
2021-01-09,0.004166666666666666,1.0
2021-01-10,0.0,0.0
2021-01-11,0.5,1.0
2021-01-12,0.0,0.0
2021-01-13,0.09659090909090909,1.0
2021-01-14,0.06148989898989898,1.0
2021-01-15,0.2,1.0
2021-01-16,0.2,1.0
2021-01-17,0.7,1.0
2021-01-18,0.16074074074074074,1.0
2021-01-21,0.22916666666666666,1.0
2021-01-22,0.2625,1.0
2021-01-23,0.06770833333333333,1.0
2021-01-24,0.0,0.0
2021-01-25,0.0,0.0
2021-01-26,0.0,0.0
2021-01-27,0.15000000000000002,1.0
2021-01-28,0.0,0.0
2021-01-29,0.0,0.0
2021-01-30,0.0,0.0
2021-01-31,0.23333333333333334,1.0
2021-02-01,0.19166666666666665,1.0
2021-02-02,0.0,0.0
2021-02-04,0.0,0.0
2021-02-05,0.1375,1.0
2021-02-06,0.0,0.0
2021-02-07,0.0,0.0
2021-02-08,0.0,0.0
2021-02-09,0.0,0.0
2021-02-10,0.0,0.0
2021-02-11,0.3,1.0
2021-02-12,0.0,0.0
2021-02-13,0.0,0.0
2021-02-14,0.3,1.0
2021-02-15,0.0,0.0
2021-02-16,0.0,0.0
2021-02-17,0.14285714285714285,1.0
2021-02-18,0.0,0.0
2021-02-19,0.0,0.0
2021-02-20,0.0,0.0
2021-02-21,0.0,0.0
2021-02-22,0.0,0.0
2021-02-23,0.0,0.0
2021-02-24,0.0,0.0
2021-02-25,0.0,0.0
2021-02-26,0.0,0.0
2021-03-01,0.25,1.0
2021-03-02,0.0,0.0
2021-03-03,0.07785714285714285,1.0
2021-03-04,0.0,0.0
2021-03-05,0.0,0.0
2021-03-06,0.0,0.0
2021-03-07,0.058333333333333376,1.0
2021-03-08,0.13809523809523808,1.0
2021-03-09,0.0,0.0
2021-03-10,0.0,0.0
2021-03-11,0.0,0.0
2021-03-12,-0.075,-1.0
2021-03-13,0.1682142857142857,1.0
2021-03-14,0.0,0.0
2021-03-15,0.0,0.0
2021-03-16,0.0,0.0
2021-03-17,0.07142857142857142,1.0
2021-03-18,0.1,1.0
2021-03-19,0.0,0.0
2021-03-20,0.0,0.0
2021-03-21,0.0,0.0
2021-03-22,0.0,0.0
2021-03-23,0.05535714285714286,1.0
2021-03-24,0.0125,1.0
2021-03-25,0.0,0.0
2021-03-26,0.049999999999999996,1.0
2021-03-27,0.2648809523809524,1.0
2021-03-28,0.0,0.0
2021-03-29,0.06666666666666665,1.0
2021-03-30,0.14444444444444446,1.0
2021-03-31,0.18333333333333335,1.0
2021-04-01,0.125,1.0
2021-04-02,0.18536931818181818,1.0
2021-04-03,0.0,0.0
2021-04-04,0.26249999999999996,1.0
2021-04-05,0.09708333333333333,1.0
2021-04-06,0.16,1.0
2021-04-07,0.0,0.0
2021-04-08,0.1,1.0
2021-04-09,0.0,0.0
2021-04-10,0.0890625,1.0
2021-04-11,0.0,0.0
2021-04-13,-0.21666666666666667,-1.0
2021-04-14,0.0,0.0
2021-04-15,0.0,0.0
2021-04-16,0.0,0.0
2021-04-17,0.05,1.0
2021-04-18,-0.07083333333333333,-1.0
2021-04-19,0.15083333333333332,1.0
2021-04-20,0.2625,1.0
2021-04-21,0.0,0.0
2021-04-22,0.13333333333333333,1.0
2021-04-23,0.0,0.0
2021-04-24,0.0,0.0
2021-04-25,0.07878787878787878,1.0
2021-04-26,0.10094696969696969,1.0
2021-04-27,0.0,0.0
2021-04-28,0.1,1.0
2021-04-29,0.0,0.0
2021-04-30,0.1671875,1.0
2021-05-01,0.0,0.0
2021-05-02,0.2875,1.0
2021-05-03,0.41041666666666665,1.0
2021-05-04,0.14500000000000002,1.0
2021-05-05,0.0,0.0
2021-05-06,0.0,0.0
2021-05-07,0.0,0.0
2021-05-08,0.13636363636363635,1.0
2021-05-09,0.1,1.0
2021-05-10,0.1,1.0
2021-05-11,0.0,0.0
2021-05-12,0.05357142857142857,1.0
2021-05-13,0.0,0.0
2021-05-14,0.004166666666666652,1.0
2021-05-15,0.0,0.0
2021-05-16,0.0,0.0
2021-05-17,0.0,0.0
2021-05-18,0.0,0.0
2021-05-19,0.09553571428571428,1.0
2021-05-20,0.041,1.0
2021-05-21,0.15535714285714286,1.0
2021-05-22,0.175,1.0
2021-05-23,0.0,0.0
2021-05-24,0.03333333333333333,1.0
2021-05-25,0.0,0.0
2021-05-26,0.0,0.0
2021-05-27,0.125,1.0
2021-05-28,0.0,0.0
2021-05-29,0.0,0.0
2021-05-30,0.0,0.0
2021-05-31,0.19,1.0
2021-06-01,0.13636363636363635,1.0
2021-06-02,0.0,0.0
2021-06-03,0.0,0.0
2021-06-04,0.0,0.0
2021-06-05,0.0,0.0
2021-06-06,0.0,0.0
2021-06-07,0.0,0.0
2021-06-08,0.0,0.0
2021-06-09,0.1875,1.0
2021-06-10,0.0,0.0
2021-06-11,0.2,1.0
2021-06-12,1.0,1.0
2021-06-13,0.18892045454545453,1.0
2021-06-14,0.1,1.0
2021-06-15,0.06666666666666665,1.0
2021-06-16,0.13636363636363635,1.0
2021-06-17,0.2875,1.0
2021-06-18,0.2,1.0
2021-06-19,0.2833333333333333,1.0
2021-06-20,0.0,0.0
