"DateTime","Total Volume","Price"
"2008-12-29 00:00:00",0,
"2009-01-05 00:00:00",0,
"2009-01-12 00:00:00",0,
"2009-01-19 00:00:00",0,
"2009-01-26 00:00:00",0,
"2009-02-02 00:00:00",0,
"2009-02-09 00:00:00",0,
"2009-02-16 00:00:00",0,
"2009-02-23 00:00:00",0,
"2009-03-02 00:00:00",0,
"2009-03-09 00:00:00",0,
"2009-03-16 00:00:00",0,
"2009-03-23 00:00:00",0,
"2009-03-30 00:00:00",0,
"2009-04-06 00:00:00",0,
"2009-04-13 00:00:00",0,
"2009-04-20 00:00:00",0,
"2009-04-27 00:00:00",0,
"2009-05-04 00:00:00",0,
"2009-05-11 00:00:00",0,
"2009-05-18 00:00:00",0,
"2009-05-25 00:00:00",0,
"2009-06-01 00:00:00",0,
"2009-06-08 00:00:00",0,
"2009-06-15 00:00:00",0,
"2009-06-22 00:00:00",0,
"2009-06-29 00:00:00",0,
"2009-07-06 00:00:00",0,
"2009-07-13 00:00:00",0,
"2009-07-20 00:00:00",0,
"2009-07-27 00:00:00",0,
"2009-08-03 00:00:00",0,
"2009-08-10 00:00:00",0,
"2009-08-17 00:00:00",0,
"2009-08-24 00:00:00",0,
"2009-08-31 00:00:00",0,
"2009-09-07 00:00:00",0,
"2009-09-14 00:00:00",0,
"2009-09-21 00:00:00",0,
"2009-09-28 00:00:00",0,
"2009-10-05 00:00:00",0,
"2009-10-12 00:00:00",0,
"2009-10-19 00:00:00",0,
"2009-10-26 00:00:00",0,
"2009-11-02 00:00:00",0,
"2009-11-09 00:00:00",0,
"2009-11-16 00:00:00",0,
"2009-11-23 00:00:00",0,
"2009-11-30 00:00:00",0,
"2009-12-07 00:00:00",0,
"2009-12-14 00:00:00",0,
"2009-12-21 00:00:00",0,
"2009-12-28 00:00:00",0,
"2010-01-04 00:00:00",0,
"2010-01-11 00:00:00",0,
"2010-01-18 00:00:00",0,
"2010-01-25 00:00:00",0,
"2010-02-01 00:00:00",0,
"2010-02-08 00:00:00",0,
"2010-02-15 00:00:00",0,
"2010-02-22 00:00:00",0,
"2010-03-01 00:00:00",0,
"2010-03-08 00:00:00",0,
"2010-03-15 00:00:00",0,
"2010-03-22 00:00:00",0,
"2010-03-29 00:00:00",0,
"2010-04-05 00:00:00",0,
"2010-04-12 00:00:00",0,
"2010-04-19 00:00:00",0,
"2010-04-26 00:00:00",0,
"2010-05-03 00:00:00",0,
"2010-05-10 00:00:00",0,
"2010-05-17 00:00:00",0,
"2010-05-24 00:00:00",0,
"2010-05-31 00:00:00",0,
"2010-06-07 00:00:00",0,
"2010-06-14 00:00:00",0,
"2010-06-21 00:00:00",0,
"2010-06-28 00:00:00",0,
"2010-07-05 00:00:00",0,
"2010-07-12 00:00:00",0,
"2010-07-19 00:00:00",0,0.067458
"2010-07-26 00:00:00",0,0.060028
"2010-08-02 00:00:00",0,0.060708
"2010-08-09 00:00:00",0,0.066824
"2010-08-16 00:00:00",0,0.066766
"2010-08-23 00:00:00",0,0.064829
"2010-08-30 00:00:00",0,0.060282
"2010-09-06 00:00:00",0,0.061824
"2010-09-13 00:00:00",0,0.069179
"2010-09-20 00:00:00",0,0.062293
"2010-09-27 00:00:00",0,0.061785
"2010-10-04 00:00:00",0,0.071236
"2010-10-11 00:00:00",0,0.097143
"2010-10-18 00:00:00",0,0.10885
"2010-10-25 00:00:00",0,0.172685
"2010-11-01 00:00:00",0,0.253757
"2010-11-08 00:00:00",0,0.257043
"2010-11-15 00:00:00",0,0.265743
"2010-11-22 00:00:00",0,0.280264
"2010-11-29 00:00:00",0,0.230557
"2010-12-06 00:00:00",0,0.209279
"2010-12-13 00:00:00",0,0.237621
"2010-12-20 00:00:00",0,0.250921
"2010-12-27 00:00:00",0,0.285657
"2011-01-03 00:00:00",0,0.303864
"2011-01-10 00:00:00",0,0.358971
"2011-01-17 00:00:00",0,0.370064
"2011-01-24 00:00:00",114285.71,0.427464
"2011-01-31 00:00:00",0,0.762264
"2011-02-07 00:00:00",0,0.964764
"2011-02-14 00:00:00",0,0.984764
"2011-02-21 00:00:00",0,0.917486
"2011-02-28 00:00:00",168134.86,0.898164
"2011-03-07 00:00:00",0,0.884657
"2011-03-14 00:00:00",0,0.826429
"2011-03-21 00:00:00",0,0.828879
"2011-03-28 00:00:00",0,0.787243
"2011-04-04 00:00:00",0,0.721943
"2011-04-11 00:00:00",0,0.940979
"2011-04-18 00:00:00",489886.15,1.34
"2011-04-25 00:00:00",110040,2.35
"2011-05-02 00:00:00",65687.21,3.45
"2011-05-09 00:00:00",324024.68,5.95
"2011-05-16 00:00:00",149932.82,6.87
"2011-05-23 00:00:00",62606.04,8.06
"2011-05-30 00:00:00",30312.08,11.89
"2011-06-06 00:00:00",239128.29,22.26
"2011-06-13 00:00:00",2112754.38,18.14
"2011-06-20 00:00:00",2829168.05,17.26
"2011-06-27 00:00:00",1735610.31,16.26
"2011-07-04 00:00:00",663728.86,14.46
"2011-07-11 00:00:00",835151.76,13.93
"2011-07-18 00:00:00",1153813.04,13.67
"2011-07-25 00:00:00",819530.95,13.81
"2011-08-01 00:00:00",59459.98,10.28
"2011-08-08 00:00:00",190201.58,9.5
"2011-08-15 00:00:00",23173.1,11.21
"2011-08-22 00:00:00",349923.46,9.91
"2011-08-29 00:00:00",0,8.5
"2011-09-05 00:00:00",105000,6.42
"2011-09-12 00:00:00",7022.57,5.33
"2011-09-19 00:00:00",10285.72,5.58
"2011-09-26 00:00:00",0,4.95
"2011-10-03 00:00:00",0,4.59
"2011-10-10 00:00:00",0,3.99
"2011-10-17 00:00:00",0,2.68
"2011-10-24 00:00:00",0,3.03
"2011-10-31 00:00:00",0,3.14
"2011-11-07 00:00:00",30021.98,3
"2011-11-14 00:00:00",1746058.48,2.32
"2011-11-21 00:00:00",1277950.33,2.38
"2011-11-28 00:00:00",3480606.54,2.85
"2011-12-05 00:00:00",2661221.13,3
"2011-12-12 00:00:00",0,3.18
"2011-12-19 00:00:00",0,3.86
"2011-12-26 00:00:00",14128.13,4.33
"2012-01-02 00:00:00",13428.57,6.01
"2012-01-09 00:00:00",2428.57,6.64
"2012-01-16 00:00:00",3852.97,6.26
"2012-01-23 00:00:00",0,5.78
"2012-01-30 00:00:00",0,5.77
"2012-02-06 00:00:00",0,5.68
"2012-02-13 00:00:00",116657.04,4.59
"2012-02-20 00:00:00",0,4.67
"2012-02-27 00:00:00",26722.16,4.82
"2012-03-05 00:00:00",0,4.91
"2012-03-12 00:00:00",3924.17,5.24
"2012-03-19 00:00:00",84893.6,4.72
"2012-03-26 00:00:00",73948.11,4.77
"2012-04-02 00:00:00",7931.36,4.87
"2012-04-09 00:00:00",104386.2,4.88
"2012-04-16 00:00:00",7863.49,5.13
"2012-04-23 00:00:00",15036.98,5.05
"2012-04-30 00:00:00",13608.41,5.04
"2012-05-07 00:00:00",16775.11,4.99
"2012-05-14 00:00:00",45502.55,5.06
"2012-05-21 00:00:00",0,5.11
"2012-05-28 00:00:00",57142.86,5.17
"2012-06-04 00:00:00",16755.62,5.46
"2012-06-11 00:00:00",30645.39,5.97
"2012-06-18 00:00:00",14785.72,6.49
"2012-06-25 00:00:00",2571.43,6.53
"2012-07-02 00:00:00",2571.43,6.65
"2012-07-09 00:00:00",62563.49,7.35
"2012-07-16 00:00:00",61854.59,8.6
"2012-07-23 00:00:00",4142.95,8.71
"2012-07-30 00:00:00",31552,10.01
"2012-08-06 00:00:00",28980.13,11.23
"2012-08-13 00:00:00",781973.65,12.05
"2012-08-20 00:00:00",4584288.01,10.02
"2012-08-27 00:00:00",7416939.77,10.59
"2012-09-03 00:00:00",8087285.06,10.78
"2012-09-10 00:00:00",14386165.8,11.38
"2012-09-17 00:00:00",15699070.17,12.19
"2012-09-24 00:00:00",1049961.38,12.26
"2012-10-01 00:00:00",591685.67,12.6
"2012-10-08 00:00:00",560771.46,11.86
"2012-10-15 00:00:00",1845008.47,11.76
"2012-10-22 00:00:00",438531.2,11.06
"2012-10-29 00:00:00",1259317.76,10.71
"2012-11-05 00:00:00",12066.49,10.86
"2012-11-12 00:00:00",1175091.74,11.27
"2012-11-19 00:00:00",33256.32,12.04
"2012-11-26 00:00:00",131550.98,12.38
"2012-12-03 00:00:00",843307.27,13.17
"2012-12-10 00:00:00",1099411.92,13.5
"2012-12-17 00:00:00",17379.75,13.36
"2012-12-24 00:00:00",147583.83,13.39
"2012-12-31 00:00:00",245149.35,13.39
"2013-01-07 00:00:00",47695.04,13.91
"2013-01-14 00:00:00",241070.3,15
"2013-01-21 00:00:00",92715.24,17.06
"2013-01-28 00:00:00",160843.86,19.66
"2013-02-04 00:00:00",265893.23,21.78
"2013-02-11 00:00:00",126582.05,25.61
"2013-02-18 00:00:00",223120.33,29.1
"2013-02-25 00:00:00",269047.62,32.41
"2013-03-04 00:00:00",382023.49,41.79
"2013-03-11 00:00:00",1054009.63,46.15
"2013-03-18 00:00:00",886810.66,62.18
"2013-03-25 00:00:00",928434.56,84.41
"2013-04-01 00:00:00",982130.59,128.38
"2013-04-08 00:00:00",758392.73,147.01
"2013-04-15 00:00:00",1293550.47,99.9
"2013-04-22 00:00:00",846154.83,135.54
"2013-04-29 00:00:00",299413.8,117.66
"2013-05-06 00:00:00",151042.09,113.35
"2013-05-13 00:00:00",166206.16,117.63
"2013-05-20 00:00:00",140124.51,126.58
"2013-05-27 00:00:00",145471.65,128.07
"2013-06-03 00:00:00",150147.98,114.75
"2013-06-10 00:00:00",62256.09,103.64
"2013-06-17 00:00:00",57675.19,107.72
"2013-06-24 00:00:00",93718.98,100.71
"2013-07-01 00:00:00",116512.11,79.94
"2013-07-08 00:00:00",94062.6,86.75
"2013-07-15 00:00:00",120749.9,94.15
"2013-07-22 00:00:00",130759.32,94.85
"2013-07-29 00:00:00",210221.98,104.47
"2013-08-05 00:00:00",123110.65,104.79
"2013-08-12 00:00:00",438403.69,110.02
"2013-08-19 00:00:00",286344.98,120.5
"2013-08-26 00:00:00",494742.99,132.8
"2013-09-02 00:00:00",202980.37,134.64
"2013-09-09 00:00:00",200760.7,137.38
"2013-09-16 00:00:00",149414.24,136.79
"2013-09-23 00:00:00",207512.02,137.73
"2013-09-30 00:00:00",195940.91,134.66
"2013-10-07 00:00:00",193299.92,139.85
"2013-10-14 00:00:00",254464.96,162.67
"2013-10-21 00:00:00",581942.43,198.85
"2013-10-28 00:00:00",332806.18,211.53
"2013-11-04 00:00:00",426951.99,294.57
"2013-11-11 00:00:00",930373.26,420.35
"2013-11-18 00:00:00",1453419.59,713.59
"2013-11-25 00:00:00",2128654.22,1029.05
"2013-12-02 00:00:00",1104619.68,978.37
"2013-12-09 00:00:00",610552.39,921.55
"2013-12-16 00:00:00",1017453.35,682.04
"2013-12-23 00:00:00",487188.51,738.41
"2013-12-30 00:00:00",507991.09,852.69
"2014-01-06 00:00:00",471184.11,957.16
"2014-01-13 00:00:00",364556.3,921.17
"2014-01-20 00:00:00",363570.62,954.47
"2014-01-27 00:00:00",359276.94,946.08
"2014-02-03 00:00:00",428822.66,816.67
"2014-02-10 00:00:00",411240.95,484.16
"2014-02-17 00:00:00",135744.48,246.31
"2014-02-24 00:00:00",358529.86,443.52
"2014-03-03 00:00:00",857362.09,634.21
"2014-03-10 00:00:00",481260.39,619.25
"2014-03-17 00:00:00",701601.71,579.74
"2014-03-24 00:00:00",366056.72,515.26
"2014-03-31 00:00:00",394207.3,445.53
"2014-04-07 00:00:00",298084.95,444.15
"2014-04-14 00:00:00",413587.68,497.51
"2014-04-21 00:00:00",326952.44,482.35
"2014-04-28 00:00:00",289979.86,443.79
"2014-05-05 00:00:00",617140.49,441.6
"2014-05-12 00:00:00",372898.32,444.58
"2014-05-19 00:00:00",674901.09,499.07
"2014-05-26 00:00:00",537130.6,591.17
"2014-06-02 00:00:00",685719.97,649.15
"2014-06-09 00:00:00",417328.23,619.62
"2014-06-16 00:00:00",384653.12,599.6
"2014-06-23 00:00:00",324405.2,589.85
"2014-06-30 00:00:00",428003.67,630.14
"2014-07-07 00:00:00",265588.11,622.54
"2014-07-14 00:00:00",283926.61,622.93
"2014-07-21 00:00:00",217429.75,611.07
"2014-07-28 00:00:00",238590.61,585.99
"2014-08-04 00:00:00",227666.86,592.37
"2014-08-11 00:00:00",421095.58,532.29
"2014-08-18 00:00:00",752555.88,498.03
"2014-08-25 00:00:00",700083.48,508.46
"2014-09-01 00:00:00",228546.38,483.94
"2014-09-08 00:00:00",156650.76,477.65
"2014-09-15 00:00:00",297729.01,438.18
"2014-09-22 00:00:00",324404.71,410.16
"2014-09-29 00:00:00",327513.39,367.29
"2014-10-06 00:00:00",430210.56,350.46
"2014-10-13 00:00:00",480034.19,386.58
"2014-10-20 00:00:00",453042.27,367.03
"2014-10-27 00:00:00",443282.03,340.71
"2014-11-03 00:00:00",445495.99,338.62
"2014-11-10 00:00:00",511785.61,392.31
"2014-11-17 00:00:00",441012.37,371.41
"2014-11-24 00:00:00",477295.2,375.38
"2014-12-01 00:00:00",432890.65,376.47
"2014-12-08 00:00:00",376805.58,353.63
"2014-12-15 00:00:00",246771.31,326.9
"2014-12-22 00:00:00",229863.66,324.6
"2014-12-29 00:00:00",244589.57,306.73
"2015-01-05 00:00:00",521004.55,279.8
"2015-01-12 00:00:00",623403.03,217.53
"2015-01-19 00:00:00",420551.07,227.41
"2015-01-26 00:00:00",446844.89,243.51
"2015-02-02 00:00:00",360070.59,226.75
"2015-02-09 00:00:00",203722.96,229.17
"2015-02-16 00:00:00",174958.12,239.95
"2015-02-23 00:00:00",399711.52,242.64
"2015-03-02 00:00:00",718967.63,273.07
"2015-03-09 00:00:00",371661.25,289
"2015-03-16 00:00:00",348402.9,269.24
"2015-03-23 00:00:00",257827.12,250.65
"2015-03-30 00:00:00",169459.54,248.99
"2015-04-06 00:00:00",193197.7,244.18
"2015-04-13 00:00:00",360932.06,223.79
"2015-04-20 00:00:00",456544.63,229.11
"2015-04-27 00:00:00",377856.7,231.62
"2015-05-04 00:00:00",392390.11,238.44
"2015-05-11 00:00:00",212347.05,238.17
"2015-05-18 00:00:00",231520,236.25
"2015-05-25 00:00:00",229168.37,236.17
"2015-06-01 00:00:00",297804.32,225.04
"2015-06-08 00:00:00",264768.16,229.99
"2015-06-15 00:00:00",402492.37,244.75
"2015-06-22 00:00:00",263335.72,244.54
"2015-06-29 00:00:00",335860.72,258.48
"2015-07-06 00:00:00",490456.11,278.97
"2015-07-13 00:00:00",382475.28,281.19
"2015-07-20 00:00:00",298070.59,280.63
"2015-07-27 00:00:00",302832.1,286.76
"2015-08-03 00:00:00",452936.45,276.37
"2015-08-10 00:00:00",499560.39,263.8
"2015-08-17 00:00:00",638402.76,237.27
"2015-08-24 00:00:00",652619.24,223.61
"2015-08-31 00:00:00",385731.71,230.25
"2015-09-07 00:00:00",370407.94,238.43
"2015-09-14 00:00:00",430442.2,231.43
"2015-09-21 00:00:00",440695.6,231.81
"2015-09-28 00:00:00",561256.61,239.84
"2015-10-05 00:00:00",713509.92,243.33
"2015-10-12 00:00:00",741499.79,256.33
"2015-10-19 00:00:00",533104.32,273.73
"2015-10-26 00:00:00",975171.5,305.97
"2015-11-02 00:00:00",2810525.61,385.2
"2015-11-09 00:00:00",1677120.45,339.07
"2015-11-16 00:00:00",851398.84,326.61
"2015-11-23 00:00:00",759435.74,340.91
"2015-11-30 00:00:00",2046396.08,369.67
"2015-12-07 00:00:00",2135116.23,416.96
"2015-12-14 00:00:00",2662985.86,451.66
"2015-12-21 00:00:00",2315555.25,437.35
"2015-12-28 00:00:00",603305.42,428.22
"2016-01-04 00:00:00",527090.16,440.54
"2016-01-11 00:00:00",1974682.98,414.98
"2016-01-18 00:00:00",17989774.86,393.08
"2016-01-25 00:00:00",7389334.23,384.9
"2016-02-01 00:00:00",1758912.06,377.7
"2016-02-08 00:00:00",1214126.78,382.51
"2016-02-15 00:00:00",2232604.04,418.41
"2016-02-22 00:00:00",2288630.47,426.56
"2016-02-29 00:00:00",6459612.3,419.42
"2016-03-07 00:00:00",1102728.3,413.28
"2016-03-14 00:00:00",3829678.61,412.61
"2016-03-21 00:00:00",909401.26,415.54
"2016-03-28 00:00:00",766984.08,416.51
"2016-04-04 00:00:00",901745.29,419.22
"2016-04-11 00:00:00",1466619.93,424.94
"2016-04-18 00:00:00",2522568.34,441.31
"2016-04-25 00:00:00",1186408.32,453.53
"2016-05-02 00:00:00",1008019.1,450.95
"2016-05-09 00:00:00",1052996.21,455.24
"2016-05-16 00:00:00",1116022.52,448.07
"2016-05-23 00:00:00",2020894.16,467.4
"2016-05-30 00:00:00",1186537.29,547.55
"2016-06-06 00:00:00",1194183.25,584.96
"2016-06-13 00:00:00",1504493.6,716.83
"2016-06-20 00:00:00",1517100.71,655.81
"2016-06-27 00:00:00",978132.78,656.8
"2016-07-04 00:00:00",1083480.02,653.42
"2016-07-11 00:00:00",1036170.1,659.83
"2016-07-18 00:00:00",946601.04,662.47
"2016-07-25 00:00:00",877690.02,651.65
"2016-08-01 00:00:00",1013452.3,573.77
"2016-08-08 00:00:00",726236.18,586.42
"2016-08-15 00:00:00",894297.62,574.58
"2016-08-22 00:00:00",957697.89,578.72
"2016-08-29 00:00:00",651766.49,589.8
"2016-09-05 00:00:00",582228.1,614.65
"2016-09-12 00:00:00",655698.07,608.01
"2016-09-19 00:00:00",946328.57,602.66
"2016-09-26 00:00:00",1068938.36,606.51
"2016-10-03 00:00:00",1267280.74,612.72
"2016-10-10 00:00:00",1644795.83,633.01
"2016-10-17 00:00:00",1259229.58,637.56
"2016-10-24 00:00:00",1513023.93,676.93
"2016-10-31 00:00:00",3770258.06,706.27
"2016-11-07 00:00:00",1503675.84,710.34
"2016-11-14 00:00:00",682574.98,728.23
"2016-11-21 00:00:00",746379.25,736.46
"2016-11-28 00:00:00",641150.17,749.33
"2016-12-05 00:00:00",659418.79,764.88
"2016-12-12 00:00:00",869953.15,779.69
"2016-12-19 00:00:00",1185677.45,844.72
"2016-12-26 00:00:00",935684.4,944.49
"2017-01-02 00:00:00",1387388.18,975.67
"2017-01-09 00:00:00",1602827.48,836.3
"2017-01-16 00:00:00",1177432.27,881.93
"2017-01-23 00:00:00",903292.89,911.14
"2017-01-30 00:00:00",1051777.64,981.41
"2017-02-06 00:00:00",1110388.73,1010.98
"2017-02-13 00:00:00",1018535.02,1023.33
"2017-02-20 00:00:00",1055020.05,1125
"2017-02-27 00:00:00",1395442.04,1228.19
"2017-03-06 00:00:00",1700121.74,1193.52
"2017-03-13 00:00:00",2343504.49,1150.78
"2017-03-20 00:00:00",2839779.92,1017.11
"2017-03-27 00:00:00",1834823.73,1050.96
"2017-04-03 00:00:00",3254467.67,1160.79
"2017-04-10 00:00:00",1207883.04,1170.39
"2017-04-17 00:00:00",1303167.23,1221.07
"2017-04-24 00:00:00",1500931.59,1298.75
"2017-05-01 00:00:00",1797029.07,1487.88
"2017-05-08 00:00:00",2412261.72,1714.5
"2017-05-15 00:00:00",2324421.99,1862.21
"2017-05-22 00:00:00",2673234.53,2258.82
"2017-05-29 00:00:00",2708829.49,2367.46
"2017-06-05 00:00:00",2087959.46,2786.04
"2017-06-12 00:00:00",2386066.96,2563.04
"2017-06-19 00:00:00",2274699.75,2659.59
"2017-06-26 00:00:00",2341294.23,2495.73
"2017-07-03 00:00:00",2015947.59,2572.28
"2017-07-10 00:00:00",2016952.82,2252.81
"2017-07-17 00:00:00",1741709.04,2510.54
"2017-07-24 00:00:00",4223487.97,2680.99
"2017-07-31 00:00:00",2046326.72,2898.7
"2017-08-07 00:00:00",2179281.68,3548.02
"2017-08-14 00:00:00",2164316.95,4165.17
"2017-08-21 00:00:00",1369979.96,4196.23
"2017-08-28 00:00:00",1314830.63,4588.25
"2017-09-04 00:00:00",2359853.25,4375.31
"2017-09-11 00:00:00",2238024,3826.45
"2017-09-18 00:00:00",1374861.36,3802.46
"2017-09-25 00:00:00",1553896,4104.75
"2017-10-02 00:00:00",1124621.84,4365.03
"2017-10-09 00:00:00",1516501.66,5206.4
"2017-10-16 00:00:00",1623577.95,5727.07
"2017-10-23 00:00:00",1750493.36,5788.28
"2017-10-30 00:00:00",3047839,6835.21
"2017-11-06 00:00:00",2452294.61,6904.8
"2017-11-13 00:00:00",3662738.29,7241.05
"2017-11-20 00:00:00",2955905.35,8319.55
"2017-11-27 00:00:00",2270599.47,10243.69
"2017-12-04 00:00:00",2643945.2,13656.86
"2017-12-11 00:00:00",2644486.33,17292.75
"2017-12-18 00:00:00",1845155.12,15786.45
"2017-12-25 00:00:00",1923946.92,14244.84
"2018-01-01 00:00:00",2442586.17,15227.3
"2018-01-08 00:00:00",1701392.67,14203.35
"2018-01-15 00:00:00",1763311.41,11866.17
"2018-01-22 00:00:00",1592295.5,11146.74
"2018-01-29 00:00:00",1501777.94,9649.47
"2018-02-05 00:00:00",1289711.85,7939.09
"2018-02-12 00:00:00",1332467.61,9622.91
"2018-02-19 00:00:00",1058459.32,10424.18
"2018-02-26 00:00:00",862732.8,10771.62
"2018-03-05 00:00:00",803210.08,9931.43
"2018-03-12 00:00:00",1403234.94,8485
"2018-03-19 00:00:00",876974.26,8693.13
"2018-03-26 00:00:00",966089.77,7470.01
"2018-04-02 00:00:00",1000992.04,7030.92
"2018-04-09 00:00:00",998204.19,7472.14
"2018-04-16 00:00:00",1027665.09,8408.49
"2018-04-23 00:00:00",1415508.86,9172.56
"2018-04-30 00:00:00",1037821.54,9451.31
"2018-05-07 00:00:00",992069.41,8969.41
"2018-05-14 00:00:00",880256.51,8367.89
"2018-05-21 00:00:00",761866.7,7746.34
"2018-05-28 00:00:00",1032607.14,7464.82
"2018-06-04 00:00:00",1099207.99,7538.83
"2018-06-11 00:00:00",1254907.12,6548.73
"2018-06-18 00:00:00",1089682.53,6470.06
"2018-06-25 00:00:00",792394.2,6179.54
"2018-07-02 00:00:00",735052.56,6541.09
"2018-07-09 00:00:00",728615.4,6372.74
"2018-07-16 00:00:00",755589.52,7250.52
"2018-07-23 00:00:00",739459.18,8061.97
"2018-07-30 00:00:00",763793.21,7545.46
"2018-08-06 00:00:00",841880.24,6521.82
"2018-08-13 00:00:00",684372.21,6364.34
"2018-08-20 00:00:00",627796.93,6552.37
"2018-08-27 00:00:00",950870.85,7030.93
"2018-09-03 00:00:00",759042.09,6747.21
"2018-09-10 00:00:00",661626.9,6402.38
"2018-09-17 00:00:00",726039.84,6510.05
"2018-09-24 00:00:00",769427.21,6573.91
"2018-10-01 00:00:00",617935.21,6566.69
"2018-10-08 00:00:00",685910.67,6426.29
"2018-10-15 00:00:00",682560.2,6566.94
"2018-10-22 00:00:00",641906.39,6476.42
"2018-10-29 00:00:00",663878.07,6366.32
"2018-11-05 00:00:00",570119.66,6438.93
"2018-11-12 00:00:00",814321.65,5854.65
"2018-11-19 00:00:00",1002390.26,4421.69
"2018-11-26 00:00:00",1058221.96,4064.87
"2018-12-03 00:00:00",1188630.68,3694.07
"2018-12-10 00:00:00",787216.18,3363.57
"2018-12-17 00:00:00",902171.34,3840.59
"2018-12-24 00:00:00",825762.89,3887.3
"2018-12-31 00:00:00",553240.7,3873.53
"2019-01-07 00:00:00",668231.14,3853.96
"2019-01-14 00:00:00",612929.51,3659.89
"2019-01-21 00:00:00",976609.81,3578.68
"2019-01-28 00:00:00",1487406.26,3456.19
"2019-02-04 00:00:00",2058961.46,3503.56
"2019-02-11 00:00:00",1912895.88,3622.53
"2019-02-18 00:00:00",948656.24,3954.07
"2019-02-25 00:00:00",1161465.75,3823.4
"2019-03-04 00:00:00",1037475.05,3863.55
"2019-03-11 00:00:00",830776.92,3916.33
"2019-03-18 00:00:00",983897.87,4006.34
"2019-03-25 00:00:00",904407.61,4027.36
"2019-04-01 00:00:00",1185826.14,4857
"2019-04-08 00:00:00",1225266.69,5168.76
"2019-04-15 00:00:00",1247055.6,5230.41
"2019-04-22 00:00:00",1257714.46,5339.97
"2019-04-29 00:00:00",874338.44,5512.5
"2019-05-06 00:00:00",977104.43,6277.21
"2019-05-13 00:00:00",1202735.17,7708.43
"2019-05-20 00:00:00",896185.96,7960.18
"2019-05-27 00:00:00",1189376.24,8600.83
"2019-06-03 00:00:00",1346031.87,7892.25
"2019-06-10 00:00:00",1229193.99,8317.08
"2019-06-17 00:00:00",2034085,9770.35
"2019-06-24 00:00:00",1554580.3,11670.09
"2019-07-01 00:00:00",1229612.93,11101.88
"2019-07-08 00:00:00",2152752.1,11697.52
"2019-07-15 00:00:00",1933033.93,10286.26
"2019-07-22 00:00:00",1703644.11,9863.02
"2019-07-29 00:00:00",1198504.38,10172.12
"2019-08-05 00:00:00",1279471.11,11651.48
"2019-08-12 00:00:00",1146743.31,10509.55
"2019-08-19 00:00:00",6827715.09,10323.38
"2019-08-26 00:00:00",761913.52,9845.5
"2019-09-02 00:00:00",861067.75,10469.8
"2019-09-09 00:00:00",716604.88,10247.79
"2019-09-16 00:00:00",875416.62,10131.12
"2019-09-23 00:00:00",949259.39,8544.23
"2019-09-30 00:00:00",641918.85,8186.08
"2019-10-07 00:00:00",540460.24,8362.3
"2019-10-14 00:00:00",748534.64,8121.82
"2019-10-21 00:00:00",907887.01,8382.08
"2019-10-28 00:00:00",1271839.34,9297.53
"2019-11-04 00:00:00",975839.89,9149.22
"2019-11-11 00:00:00",847539,8664.84
"2019-11-18 00:00:00",979881.52,7712.5
"2019-11-25 00:00:00",767517.68,7384.94
"2019-12-02 00:00:00",1103744.35,7424.7
"2019-12-09 00:00:00",756825.78,7247.74
"2019-12-16 00:00:00",839281.96,7089.19
"2019-12-23 00:00:00",568829.52,7313.15
"2019-12-30 00:00:00",569168.01,7251.52
"2020-01-06 00:00:00",694264.38,7969.01
"2020-01-13 00:00:00",803685.73,8661.38
"2020-01-20 00:00:00",611529.05,8515.54
"2020-01-27 00:00:00",944919.83,9242.04
"2020-02-03 00:00:00",995181.39,9628.43
"2020-02-10 00:00:00",879774.88,10120.51
"2020-02-17 00:00:00",834542.73,9743.1
"2020-02-24 00:00:00",656152.56,8996.16
"2020-03-02 00:00:00",639173.2,8849.42
"2020-03-09 00:00:00",1300822.18,6561.87
"2020-03-16 00:00:00",993471.31,5687.18
"2020-03-23 00:00:00",777987.27,6441.13
"2020-03-30 00:00:00",755842.84,6645.2
"2020-04-06 00:00:00",744010.32,7112.51
"2020-04-13 00:00:00",672139.27,6955.44
"2020-04-20 00:00:00",657422.37,7276.17
"2020-04-27 00:00:00",986762.17,8490.68
"2020-05-04 00:00:00",921428.14,9274.32
"2020-05-11 00:00:00",816649.86,9239.1
"2020-05-18 00:00:00",779866.83,9353.31
"2020-05-25 00:00:00",772752.95,9231.05
"2020-06-01 00:00:00",874290.97,9694.27
"2020-06-08 00:00:00",710114.1,9577.49
"2020-06-15 00:00:00",796933.67,9347.11
"2020-06-22 00:00:00",892113.9,9292.1
"2020-06-29 00:00:00",768678.19,9118.68
"2020-07-06 00:00:00",759602.24,9270.99
"2020-07-13 00:00:00",705627.29,9182.38
"2020-07-20 00:00:00",731833.91,9510.08
"2020-07-27 00:00:00",901123.47,11127.91
"2020-08-03 00:00:00",841856.37,11512.79
"2020-08-10 00:00:00",1088599.68,11679.56
"2020-08-17 00:00:00",1711998.23,11811.59
"2020-08-24 00:00:00",1722711.11,11492.92
"2020-08-31 00:00:00",2379030.4,10936.76
"2020-09-07 00:00:00",2806384.12,10275.65
"2020-09-14 00:00:00",2971383.31,10853.31
"2020-09-21 00:00:00",2513946.04,10585.88
"2020-09-28 00:00:00",2145008.86,10671.64
"2020-10-05 00:00:00",2022390.8,10907.52
"2020-10-12 00:00:00",2214405.68,11419.51
"2020-10-19 00:00:00",2973360.61,12577.56
"2020-10-26 00:00:00",2263251.57,13437.01
"2020-11-02 00:00:00",2340862.58,14559.16
"2020-11-09 00:00:00",1818027.8,15770.33
"2020-11-16 00:00:00",2508001.55,17766.92
"2020-11-23 00:00:00",1838132.43,18008.4
"2020-11-30 00:00:00",1671213.37,19034.35
"2020-12-07 00:00:00",1571928.21,18546.49
"2020-12-14 00:00:00",2042733.91,21611.11
"2020-12-21 00:00:00",1997666.25,24224.25
"2020-12-28 00:00:00",1862110.9,29136.61
"2021-01-04 00:00:00",2117728.61,36369.55
"2021-01-11 00:00:00",1835993.75,35923.17
"2021-01-18 00:00:00",1846598.91,33803.78
"2021-01-25 00:00:00",2035086.67,32943.28
"2021-02-01 00:00:00",1983613.31,36851.1
"2021-02-08 00:00:00",2204472.46,46292.85
"2021-02-15 00:00:00",2174938.55,52158.52
"2021-02-22 00:00:00",1968067.63,48417.1
"2021-03-01 00:00:00",1747160.5,48908.08
"2021-03-08 00:00:00",1565245.84,55939.13
"2021-03-15 00:00:00",1252642.69,57401.9
"2021-03-22 00:00:00",1404705.92,54412.72
"2021-03-29 00:00:00",1354331,58155.27
"2021-04-05 00:00:00",1620039.18,58314.76
"2021-04-12 00:00:00",1667037.59,61088.15
"2021-04-19 00:00:00",1779202.87,52577.46
"2021-04-26 00:00:00",1962065.5,55050.31
"2021-05-03 00:00:00",1749946.87,56899.07
"2021-05-10 00:00:00",1780112.7,51596.39
"2021-05-17 00:00:00",2403428.57,39095.7
"2021-05-24 00:00:00",2122690.69,37254.63
"2021-05-31 00:00:00",1206398.83,37025.28