"DateTime","Bitcoin","Ethereum","VIX Index","DAX","Dow Jones Industrial Average","S&P 500","Nasdaq 100","Russell 2000","US Dollar Index"
"2017-01-02 00:00:00",0,0,,0,0,0,0,0,
"2017-01-09 00:00:00",-0.11894870120877599,0.2593939393939395,,0.007223200645236627,0.006313946545495108,0.013431122505951798,0.03316044700535392,-0.000370776365277381,
"2017-01-16 00:00:00",-0.18177142065800145,0.19212121212121214,,0.012901247794193216,0.006230455506866628,0.01599496165407821,0.040276566859793084,0.010456068949522113,
"2017-01-23 00:00:00",-0.09053455200110794,0.3084848484848486,,0.005634497163153895,0.001884873447825619,0.011778473577716886,0.04154944601341781,-0.007193177407843643,
"2017-01-30 00:00:00",-0.09299266029635778,0.2842424242424242,,0.017492287297514286,0.010551749263761012,0.01879106497590266,0.05463194531085436,-0.004152761084369128,
"2017-02-06 00:00:00",0.009669218746908737,0.3678787878787879,,0.0025067371828038088,0.014665074433525938,0.023999142409204755,0.06257541194216754,0.00734149421997965,
"2017-02-13 00:00:00",-0.019373058737412685,0.3745454545454545,,0.025552518669879065,0.03286814487972234,0.039940504638583674,0.0808443160316239,0.02558398432829545,
"2017-02-20 00:00:00",0.04989910380438012,0.5381818181818183,,0.024036108164228853,0.04358991225850861,0.050173528137464674,0.09480613985518094,0.03159065856917653,
"2017-02-27 00:00:00",0.16727501137555145,0.8418181818181818,,0.02975422130012384,0.05438758058150239,0.058476972347163425,0.09949990743519499,0.03819058439353884,
"2017-03-06 00:00:00",0.2570528419095097,1.3818181818181818,,0.041576300446126035,0.060302794166759544,0.06096041235824079,0.10212416694759607,0.02113459745218571,
"2017-03-13 00:00:00",0.21235681642827453,2.2933333333333334,,0.044331272548005174,0.05661603230344192,0.06013855451284811,0.10916834449799495,0.010604377929126718,
"2017-03-20 00:00:00",0.02011494252873569,4.238787878787878,,0.04980724776283729,0.05784967564996513,0.06013855451284811,0.11302041384980033,0.021514279405517422,
"2017-03-27 00:00:00",-0.005554236651037714,5.0636363636363635,,0.04485735637650179,0.03989252426300194,0.04589897401767895,0.10499453945781467,0.002059861733735291,
"2017-04-03 00:00:00",0.11451718202860706,4.53030303030303,,0.06760177196182249,0.04491362472549154,0.05360389131823329,0.11690480480833654,0.011653576822919787,
"2017-04-10 00:00:00",0.1918016895166872,4.276363636363636,,0.06266494557122781,0.04530881564166678,0.052853499372440105,0.11474166277313302,0.010091809250261763,
"2017-04-17 00:00:00",0.1750351158327892,4.824242424242424,,0.05469355616990068,0.044241142359811025,0.049213205111598546,0.11011885057787008,0.006150205376410867,
"2017-04-24 00:00:00",0.23213049241300165,5.007878787878788,,0.08482840434594019,0.05066590428384932,0.06044228458614542,0.13249673144667806,0.03314647341806909,
"2017-05-01 00:00:00",0.3806259520841988,8.413939393939392,,0.08335031782779656,0.05823424043395109,0.06677594993813729,0.15749833724660522,0.04013724255282347,
"2017-05-08 00:00:00",0.5928393376461509,9.568484848484848,,0.10569494454344808,0.06323459463835723,0.07171156362921716,0.16355088708006682,0.02935360931304265,
"2017-05-15 00:00:00",0.6981522147704116,9.972727272727273,,0.11549282034934061,0.0616993715401819,0.073024749534355,0.17288761645750417,0.030617897348051315,
"2017-05-22 00:00:00",1.1086167329416186,18.081212121212122,,0.0991546076755978,0.05729155070689096,0.06931745599263905,0.17184413435623136,0.01849560618884949,
"2017-05-29 00:00:00",1.203241537578887,21.006060606060608,,0.09764952016625661,0.06667543744244186,0.07905468481304978,0.19013398991977093,0.022883429369174202,
"2017-06-05 00:00:00",1.5863552733099886,28.704242424242423,,0.11687770989786661,0.07192575875643903,0.0881129875872666,0.20858890773447825,0.03359269272454268,
"2017-06-12 00:00:00",1.7047549805131856,43.193939393939395,,0.10533696366015,0.07453826925606943,0.08511588642281898,0.17364846954724822,0.051441464983490226,
"2017-06-19 00:00:00",1.540472233762637,42.040000000000006,,0.12262717902353981,0.08938044589274696,0.09586703769379556,0.18681619343749656,0.05032591671730602,
"2017-06-26 00:00:00",1.429427067877421,29.490909090909092,,0.11233893037750864,0.08333670670863147,0.08943957334857955,0.187919425277421,0.04921036845112181,
"2017-07-03 00:00:00",1.5341662215363923,32.75454545454546,,0.08659914676867819,0.08686458259540752,0.08494615491127067,0.1507799458658321,0.05679609666117447,
"2017-07-10 00:00:00",1.3750816072170453,24.957575757575757,,0.08403927860319516,0.0832845880602755,0.084240429152727,0.17076425960615826,0.04478051590800014,
"2017-07-17 00:00:00",1.0513680337111992,19.87939393939394,,0.09634127859274311,0.09447744729944452,0.09840407712957222,0.20069760389977853,0.06106319703702878,
"2017-07-24 00:00:00",1.7274516786357248,26.490909090909092,,0.06339919833186136,0.08857994393450253,0.10321462549635307,0.22159411891505654,0.06621689295750244,
"2017-07-31 00:00:00",1.7891615723979664,22.776363636363637,,0.05549923090725084,0.10770445184338096,0.10338882362662649,0.2090432812631975,0.0569551832038071,
"2017-08-07 00:00:00",2.275980770372129,31.230303030303027,,0.06759915896267432,0.11920597492232798,0.10812790609380785,0.22022869551722324,0.04896322859194746,
"2017-08-14 00:00:00",3.1128355787682747,35.42666666666666,,0.05958160657639633,0.11289557042089604,0.10139671167529474,0.21476747482471703,0.0347718959723613,
"2017-08-21 00:00:00",2.9884562882070154,37.81030303030303,,0.05094738639115204,0.09822341189924422,0.08466029131287334,0.1897593512453153,0.007061465562000935,
"2017-08-28 00:00:00",3.252655943972936,40.57030303030304,,0.05595389275903084,0.10351876777347124,0.09174881522938305,0.20035734291390717,0.026705250342307085,
"2017-09-04 00:00:00",3.3126149919876546,37.32727272727273,,0.05762359921470672,0.11258437654964437,0.10618046032972583,0.2311613145074094,0.049560756737502265,
"2017-09-11 00:00:00",3.203533345203474,35.17575757575758,,0.08659304977066573,0.11611680649307288,0.11134387157577841,0.22964493357992066,0.050755813028612096,
"2017-09-18 00:00:00",2.863607137911251,32.881818181818176,,0.09392251238126104,0.12998036695576487,0.11838326268631372,0.22976679755135465,0.0709224349362787,
"2017-09-25 00:00:00",2.7772617563851463,34.120606060606065,,0.09700759337552456,0.12819618876058825,0.11516283058561827,0.20637475430849883,0.07928785247164183,
"2017-10-02 00:00:00",3.3731823847112583,35.21030303030303,,0.12382044863453379,0.14142875937376664,0.12966147496683544,0.22993126353878512,0.12307675425574893,
"2017-10-09 00:00:00",3.6647328229172844,35.16121212121212,,0.13024407154043272,0.15172446945240003,0.13663386679649636,0.24568354400085068,0.11880905860751834,
"2017-10-16 00:00:00",4.624186400775516,40.53272727272727,,0.13262190076526048,0.16163662675963697,0.14240027157041846,0.25719655377653305,0.117386498613129,
"2017-10-23 00:00:00",4.783330365798168,33.49757575757576,,0.13257312478116123,0.17767702630220716,0.14567876971453853,0.24759592629324878,0.11454137079181881,
"2017-10-30 00:00:00",5.056318871545295,36.304242424242425,,0.15229517135177417,0.18146094137411084,0.1491850654136313,0.2804436021271073,0.10967469797974827,
"2017-11-06 00:00:00",6.104491859061863,35.306666666666665,,0.1731312265592202,0.19156487506704578,0.15735897768030638,0.2981293602813839,0.11394239362797909,
"2017-11-13 00:00:00",5.22613112548717,36.8139393939394,,0.13878161075719486,0.18606357463086853,0.15454947450230705,0.2986576705135411,0.0976952173631993,
"2017-11-20 00:00:00",7.032820938928127,43.06666666666666,,0.13740891520469378,0.1855894467327175,0.153343487446568,0.2971015660846501,0.11955777810418544,
"2017-11-27 00:00:00",8.422146714938572,56.690909090909095,,0.13231705086464163,0.19320231143675426,0.16195512834828918,0.3171189416211746,0.12674546490760874,
"2017-12-04 00:00:00",10.149247235246403,54.68484848484848,,0.13739933420781703,0.2290918199022396,0.17893721274058327,0.28786823706360587,0.1414203388451718,
"2017-12-11 00:00:00",15.036431440045895,56.90060606060606,,0.14306954235932912,0.2339484683189459,0.188116114220374,0.31463574988471565,0.133184440046896,
"2017-12-18 00:00:00",17.465744752408646,88.64666666666668,,0.15950095200268954,0.2545009259915194,0.20159190291357532,0.3391812961688039,0.1552716142871231,
"2017-12-25 00:00:00",12.590391121134784,85.00424242424243,,0.1386396378034782,0.25257101798346393,0.1985456689431535,0.3292909873132346,0.1513092228752806,
"2018-01-01 00:00:00",12.25459473361426,89.28060606060606,,0.1251260772088989,0.2508080920526652,0.1941996489237683,0.315156761026294,0.14582286368669073,
"2018-01-08 00:00:00",13.939180366787346,132.09636363636363,,0.1643332584273578,0.27933571493629383,0.2272972936757145,0.3727700661457982,0.16513786230186023,
"2018-01-15 00:00:00",12.735993234019821,159.75272727272727,,0.1536417369127938,0.3056576563812454,0.24450717562298152,0.38961135036136474,0.18866157760479418,
"2018-01-22 00:00:00",9.871812372643282,120.28969696969696,0,0.17268701670403264,0.32647526135225124,0.2653796849247152,0.4199873073955045,0.1983566534811485,
"2018-01-29 00:00:00",10.350728035293885,143.96060606060607,0.11495578623606306,0.16056182965684362,0.33785433090787653,0.27456305302323103,0.4368548477763352,0.19271998018494907,
"2018-02-05 00:00:00",6.428037272241677,89.11515151515152,0.6532103037293349,0.10508001874391382,0.23191027496382066,0.18318050052929435,0.33561409695774724,0.1117022035268056,
"2018-02-12 00:00:00",7.448448968286941,101.17818181818183,0.8299899736903602,0.06982891823577275,0.24483974780646278,0.1863339333491154,0.341357227033134,0.11350593365546824,
"2018-02-19 00:00:00",9.684254258412961,112.16484848484849,0.5876246692448603,0.08456536243169177,0.276116502889296,0.22037850127075287,0.3921038355877997,0.1524365591010266,
"2018-02-26 00:00:00",8.827155914297585,102.88969696969696,0.4805768520403164,0.09110482829982613,0.30090524526125106,0.24154134078960876,0.437015571694793,0.1648372340866402,
"2018-03-05 00:00:00",10.43772132866441,103.1260606060606,0.6381331463765822,0.053114433684694706,0.25867851396071373,0.2153401553489993,0.4148481102428323,0.15521731918035675,
"2018-03-12 00:00:00",8.250761667359091,84.93939393939394,0.4986694408636194,0.08164141638489819,0.2740535152257295,0.24306892439354488,0.4662168274837941,0.19647776238241543,
"2018-03-19 00:00:00",7.3364294616891215,64.14606060606062,0.6347407859722127,0.06410209510271714,0.24532753787457118,0.21175792713158215,0.4114759715171803,0.1745323177955258,
"2018-03-26 00:00:00",7.1064702158387245,59.223030303030306,0.7451809635811262,0.026670011305576447,0.2246667948549279,0.18747292112398006,0.38864318253837116,0.15502472506894938,
"2018-04-02 00:00:00",6.42425861079787,45.661818181818184,0.9539995929167515,0.053624839518302325,0.19641089735156303,0.1532273553597192,0.31400837762887557,0.11585346859770218,
"2018-04-09 00:00:00",5.844110431875284,48.64909090909091,0.8771060904177126,0.06799807683262693,0.21335755416797397,0.16719893873139102,0.3307669867931282,0.13400784272922595,
"2018-04-16 00:00:00",7.0915632975250755,61.827272727272735,0.6452947961191395,0.07929145915098434,0.24341129203647305,0.1960890286444259,0.3724713791349965,0.17039190861297016,
"2018-04-23 00:00:00",7.818490711614933,75.84727272727272,0.5680243646862821,0.09505481201213128,0.2371191037616509,0.1927167315070819,0.3670483398825024,0.1700152656817715,
"2018-04-30 00:00:00",8.196099669614417,81.2369696969697,0.5461624865247907,0.09851442288429824,0.22267060002226446,0.18278297146277311,0.3581591784028504,0.15494939961572185,
"2018-05-07 00:00:00",8.330108611787049,89.04666666666667,0.49829251192980073,0.12778262634286386,0.23249572424680975,0.1937619202887224,0.4026330924400421,0.18304724268777806,
"2018-05-14 00:00:00",7.504817298751657,85.51939393939395,0.31095883182184836,0.13035817250323567,0.2599258194771943,0.21944497795723672,0.4319320326778846,0.19946903740469946,
"2018-05-21 00:00:00",7.375239875759194,84.19757575757576,0.2815583749839805,0.13906904066349268,0.26568821916144647,0.22073136415002503,0.4198339648108993,0.22741622173776976,
"2018-05-28 00:00:00",6.195511108473301,64.17151515151515,0.2747736541752417,0.12690030363050098,0.25252193537287604,0.21551435347927272,0.4312218825666383,0.21837669739862142,
"2018-06-04 00:00:00",6.532563752547134,72.09212121212121,0.3241513445055071,0.11233196237978027,0.2555883335188689,0.2269220977028179,0.4687765054651889,0.2407495162217479,
"2018-06-11 00:00:00",5.709963004728273,62.37030303030303,0.209176711822753,0.11861709633082662,0.2813248256808316,0.24261332928359902,0.47389793807065006,0.25626735850475457,
"2018-06-18 00:00:00",5.530278750469859,60.35575757575758,0.17784637884373278,0.11785061658069917,0.26438171090848384,0.23892836883550794,0.49094875758786727,0.2700526213731591,
"2018-06-25 00:00:00",5.152541199279878,54.68484848484848,0.43609923784969573,0.06874539458900131,0.22720694645441397,0.21361157390244023,0.44710548497666225,0.2435366989767198,
"2018-07-02 00:00:00",5.039710566403545,55.129696969696965,0.4225297962322183,0.06594425950217153,0.22995860868509221,0.2179173943533006,0.4593697870614717,0.24218077032584762,
"2018-07-09 00:00:00",5.641680020574911,56.99454545454546,0.22426517704352,0.0925724628213771,0.25371105016546425,0.24358258554691514,0.49600544417577397,0.2800208724426305,
"2018-07-16 00:00:00",5.484890300116723,55.06121212121212,0.17752598924998675,0.09406448533497791,0.2682723933085729,0.24995198384870676,0.5128441788498428,0.26081791818728406,
"2018-07-23 00:00:00",6.5055146695155,54.53393939393939,0.18958771513218897,0.09298009068849056,0.2672568386750733,0.2537709428585466,0.51569832887424,0.27533354109905783,
"2018-07-30 00:00:00",6.983188913288622,54.478787878787884,0.21107266435986172,0.11472285660034887,0.2805415279366077,0.2518145638570146,0.4789608340257532,0.24138814949140985,
"2018-08-06 00:00:00",5.931761528874116,48.35090909090909,0.10318429563290143,0.097303733278983,0.2904263609039297,0.2731650013623188,0.5295182008066586,0.26497603672304204,
"2018-08-13 00:00:00",5.282296674382257,35.56727272727273,0.19486472020565238,0.07644590307863552,0.27451347494762857,0.26044853785236044,0.5217410095148065,0.259154664506956,
"2018-08-20 00:00:00",5.323782815993036,33.733333333333334,0.08857076086874582,0.07405587985778306,0.303405928369749,0.27613530281441667,0.5156238575895205,0.27631636712286545,
"2018-08-27 00:00:00",5.7358349654776735,32.94181818181818,0.08932461873638342,0.09208644497981888,0.318128181514578,0.29386331253377884,0.5542195980952127,0.2991482349386865,
"2018-09-03 00:00:00",6.198978178724752,34.275151515151514,0.11910200450806996,0.07690927492757638,0.31383623612277756,0.29599835628430915,0.5738388750633376,0.30806929224237045,
"2018-09-10 00:00:00",5.241250717154332,22.606666666666666,0.13003294358881567,0.044009873652781195,0.30838401829718776,0.28510427321413423,0.5313031677066191,0.290907589626461,
"2018-09-17 00:00:00",5.308806655192197,24.33878787878788,0.06293959336906618,0.05359696752738863,0.31875967737038646,0.29031681726616143,0.5286412407746692,0.28191093273095524,
"2018-09-24 00:00:00",5.565879280669476,27.53878787878788,0.005269466494787212,0.0757560713035208,0.34405645006223873,0.30397127070836105,0.5520849327936748,0.28349857898693065,
"2018-10-01 00:00:00",5.515292697885136,26.876363636363635,-0.004907614718321129,0.0747291626382931,0.3485680021859472,0.30630284568278987,0.5719677377729129,0.26083104550969316,
"2018-10-08 00:00:00",5.5598947514194705,26.633939393939396,0.07952446645709421,0.04059729676528123,0.34024774068189423,0.2883649048833543,0.5118006145052956,0.22664389499185367,
"2018-10-15 00:00:00",5.666864502344352,24.75212121212121,0.2917354561970886,0.011593006220679936,0.2776937245099329,0.22867301224300185,0.453376534628654,0.16865461401454307,
"2018-10-22 00:00:00",5.425509921459236,23.746666666666666,0.30342025314547194,0.003769686771082137,0.2810768825964196,0.23094652117400605,0.46829178416831785,0.1600130762543055,
"2018-10-29 00:00:00",5.3139108156765,23.11939393939394,0.5205313190251111,-0.012680013866315454,0.23682713812959832,0.17974567072980085,0.3804331654556208,0.11180237376922242,
"2018-11-05 00:00:00",5.371540348586463,24.39818181818182,0.36862895869612755,0.0012106896053152294,0.28837804742291007,0.22309867207425316,0.42632236287558345,0.16645632795566612,
"2018-11-12 00:00:00",5.32395592221101,24.586666666666666,0.35920573535065703,-0.013554497581233726,0.2846072885146693,0.21769853003577766,0.40411836484909314,0.14485247572254067,
"2018-11-19 00:00:00",4.130368765703206,18.541212121212123,0.4040602784750962,-0.020600885284111303,0.2658982117737545,0.201846500180898,0.36583800673884936,0.12840322798351633,
"2018-11-26 00:00:00",2.8199645874136943,12.581212121212122,0.37767525310777894,-0.011004210412627446,0.24681165433698005,0.1941281830241688,0.3731211626830355,0.1356045120612248,
"2018-12-03 00:00:00",2.934056422735276,12.466666666666667,0.22878832424934603,-0.0013587595570444533,0.3068336150101709,0.24635188915638961,0.45203239167800047,0.1679723848758301,
"2018-12-10 00:00:00",2.492917482738837,10.213333333333333,0.5050772327385393,-0.07481800460933052,0.23583232975418222,0.17816895431989033,0.37402651720541624,0.08853085814066342,
"2018-12-17 00:00:00",2.4021356361406214,10.110909090909091,0.6053403291343451,-0.061741685872210295,0.19381963911631073,0.13717432766221638,0.32584102588944264,0.04213097422504308,
"2018-12-24 00:00:00",3.1100213662531893,16.744242424242422,0.8631597198664163,-0.0737945799429669,0.1026990375760275,0.05014672842511492,0.21295559381329898,-0.042596359735535216,
"2018-12-31 00:00:00",2.761726709794844,15.524848484848484,0.771189060014625,-0.08031488381734786,0.1803841599789502,0.11971431506635155,0.3014925344901562,0.018401232019572777,
"2019-01-07 00:00:00",3.022973668071299,17.810303030303032,0.6162712682150908,-0.06386605417966629,0.19070112232196168,0.13884930968407616,0.3340380485348813,0.061677580789877506,0
"2019-01-14 00:00:00",2.6072417749817,14.107272727272726,0.4843461413785046,-0.05445054724912157,0.20985295457075503,0.15355341852664117,0.3448908915491664,0.08190870359255564,-0.0007735811580720231
"2019-01-21 00:00:00",2.5289037925099414,13.167878787878788,0.3968986287325389,-0.02399778417672227,0.2501568619513628,0.1929043294935302,0.39497089780623473,0.12054558561788098,0.007369928600549747
"2019-01-28 00:00:00",2.4473460343838407,12.038181818181817,0.4613534764155567,-0.023582317312164536,0.24114337182354562,0.18090699159829016,0.3769758638196128,0.11461314810838075,0.0010244723444736703
"2019-02-04 00:00:00",2.4126703859774072,12.06060606060606,0.2815583749839805,-0.026520199354414964,0.277128009472438,0.21709553650790814,0.43102410805318736,0.14815422445185145,0.0018294149008457605
"2019-02-11 00:00:00",2.6089035946742634,13.867272727272727,0.2762813699105171,-0.04062952375477524,0.2677031362270148,0.21036434208939503,0.4205849281469298,0.14921901791540382,0.014781672398833212
"2019-02-18 00:00:00",2.7657328822679883,16.144242424242425,0.22841139531552734,-0.015787740853196452,0.3097087427767602,0.2397546932996253,0.45060261291816484,0.18816012328780185,0.01322405628325618
"2019-02-25 00:00:00",2.786866678536807,15.712121212121211,0.17375669991179854,0.0021191423091595496,0.32026909414753124,0.24891572830451625,0.46298984813697186,0.2031433248188237,0.00788216477278647
"2019-03-04 00:00:00",2.727298355985518,14.496363636363636,0.15754875575758942,0.009720356831163679,0.3064905427423519,0.24744174412527964,0.4702698582759228,0.19264748227551043,0.010255177244169245
"2019-03-11 00:00:00",2.8535620313767383,15.307272727272732,0.16131804509577763,0.005436780227609628,0.2979506745063909,0.2431939897178439,0.4729812339764401,0.17348115293638444,0.015973405534241314
"2019-03-18 00:00:00",2.958345698063188,15.972121212121209,0.08027832432473181,0.015329595002552043,0.3112697721959661,0.2653662850685403,0.5063434442940398,0.18458545783890568,0.009032082710461076
"2019-03-25 00:00:00",2.9037776722654156,15.283030303030305,0.2152188826318686,-0.011707107183483001,0.29116766012569206,0.24992071751763212,0.5044263946958352,0.14602977566526065,0.00895890611442729
"2019-04-01 00:00:00",3.0786446277721717,16.21333333333333,0.0832937557952822,0.017500997294674914,0.32869258093570686,0.28066445420152486,0.5376234605189929,0.1801940943544471,0.017562383048118857
"2019-04-08 00:00:00",4.187800462935486,20.938181818181818,0.05050093855304527,0.04201180030415319,0.3328721929300802,0.29343005051745785,0.5625692436966081,0.19819137140628085,0.01463531920676564
"2019-04-15 00:00:00",4.027311215304568,18.78121212121212,-0.023000203541624242,0.0469660466890689,0.33508597046947286,0.2978118034866426,0.5686094775997697,0.19857266686105457,0.013391317074190612
"2019-04-22 00:00:00",4.297292618750865,19.766666666666666,-0.048254442107485085,0.06456982195023797,0.3414758179591755,0.29887932536190776,0.5859576682354024,0.18377829982643035,0.016987424079281555
"2019-04-29 00:00:00",4.1745504184224576,17.87212121212121,-0.032046497953275965,0.0737701919509175,0.3436688492404847,0.31453929061161423,0.6117704394480195,0.2127569580350286,0.022925182157455204
"2019-05-06 00:00:00",4.671859853205927,19.576969696969694,0.012431116237344497,0.07018689911907083,0.3378037302784047,0.3098225412380573,0.6025292973159331,0.2255685746062741,0.019789042327433837
"2019-05-13 00:00:00",6.4194165825865035,22.859393939393936,0.22313439024206394,0.03445587776738379,0.28146043536781606,0.25595511941505156,0.5059015306213503,0.15632483126945762,0.017698282440753
"2019-05-20 00:00:00",6.807085484796327,29.313939393939396,0.09083233447165884,0.04879601709249859,0.2994191047736636,0.2686224501190355,0.5167105996529828,0.1574687254663092,0.023730124713827294
"2019-05-27 00:00:00",7.704764872297069,31.96424242424243,0.0712320299130802,0.04616124295143487,0.2946520194711222,0.26229325138576853,0.5011373011162303,0.149919019067569,0.02037445509570457
"2019-06-03 00:00:00",7.315735849803152,30.330909090909092,0.15830261362522702,0.027153416147986276,0.2558964913523525,0.22584117597137787,0.43473751524481896,0.11621226119013572,0.01627656571781011
"2019-06-10 00:00:00",6.713133321463192,27.835151515151512,0.05012400961922636,0.049152255976364634,0.3187880137228909,0.28939222719009483,0.5424579874626707,0.15723994506043248,0.011635078769378637
"2019-06-17 00:00:00",8.123113142224069,31.929696969696963,0.01883890811226463,0.05267457882808735,0.3213104551020616,0.2907054130952329,0.547513995543566,0.16506924149540048,0.01952769734159876
"2019-06-24 00:00:00",9.71113518111856,35.841818181818184,-0.005661472585958727,0.0691146984686084,0.35243034823353225,0.3155755461558045,0.5879164357344064,0.16384478971443284,0.0036065608045243724
"2019-07-01 00:00:00",9.491933250242349,34.13757575757575,-0.019984772071073742,0.09061184246053933,0.3519187758695719,0.3240531884957769,0.5971927985486365,0.19460922589002183,0.012345937130850082
"2019-07-08 00:00:00",10.734277009515896,36.42424242424242,-0.019984772071073742,0.09253936483216707,0.3564075577100181,0.32924339945417924,0.6008214746071012,0.18764514218930528,0.017990988824888365
"2019-07-15 00:00:00",9.360258769066414,25.612727272727273,-0.019984772071073742,0.07893696226655034,0.3843907178205297,0.3463728822643972,0.6380652384902799,0.18841042748960946,0.013286779079856537
"2019-07-22 00:00:00",9.262067976338852,25.65878787878788,-0.019984772071073742,0.07040639104751656,0.3749152439456349,0.333299089256442,0.625357233941569,0.17608933885423395,0.016736532892879907
"2019-07-29 00:00:00",8.448923773913387,24.543030303030307,-0.17716413747352078,0.08156128441102117,0.3774174450730168,0.34935211695394464,0.6426206317615795,0.1949918685401737,0.024890496450935107
"2019-08-05 00:00:00",10.338096227273624,26.84,0.10440177608913626,0.01545588996137992,0.3013338325928776,0.2706368951639919,0.5247267076561661,0.13262117922564887,0.019245444756896823
"2019-08-12 00:00:00",10.274220032840722,24.850909090909088,0.08894768980256451,0.01729979636026635,0.3103761650794936,0.28759217984393626,0.5547437961636636,0.1377485813386481,0.017990988824888365
"2019-08-19 00:00:00",9.477941321937998,23.042424242424243,-0.02073862993871134,0.02040839434686359,0.32248742574357636,0.30588298352264354,0.5871560555434887,0.14892174202356756,0.028131174275290327
"2019-08-26 00:00:00",9.271964706115101,22.035757575757575,0.059170304030877974,0.015414952974725393,0.31049710058393143,0.28566260055475423,0.5574858280446111,0.12519792121173756,0.025308648428271185
"2019-09-02 00:00:00",9.002453162403308,20.347878787878788,0.017708121310808123,0.04117389857730913,0.33602258812099617,0.307138103384357,0.5813321008904562,0.13904956478265862,0.034048024754596895
"2019-09-09 00:00:00",9.19667833897165,20.953939393939393,-0.07727797001153403,0.06489296284489421,0.3578936981976055,0.33035112089796903,0.6104062085776609,0.1625438062704223,0.027399408314952023
"2019-09-16 00:00:00",9.146462698082972,22.542424242424243,-0.11723243699632868,0.07832464946616424,0.3701041360954531,0.3390744272678141,0.61452026387919,0.20838435346296214,0.03126731410531147
"2019-09-23 00:00:00",8.748348072091321,23.88,-0.1296710918123497,0.07501659254459092,0.36368645825954093,0.3363140568957894,0.6075702137560264,0.18856348298316417,0.03074462413364132
"2019-09-30 00:00:00",6.9674362474528655,20.01878787878788,-0.10517071111412657,0.08248541510975471,0.36200854138625504,0.32959626233345096,0.5933500843692627,0.1622505093044715,0.03889858769169652
"2019-10-07 00:00:00",6.974805626446673,20.323030303030304,-0.08519347762172924,0.053685809498426273,0.33980447916772105,0.3126454442722315,0.5883498577890425,0.14335837338752766,0.03482160591266892
"2019-10-14 00:00:00",7.231101746889033,21.344242424242424,-0.16057926438549275,0.0875790214492389,0.355457277888537,0.3248661131037194,0.612448000661894,0.14942535811919067,0.02969924419030101
"2019-10-21 00:00:00",7.178838506736305,20.243636363636362,-0.22051096486268484,0.11034695402689287,0.35749547124366243,0.3429871852708781,0.632597027119473,0.18298578081489936,0.01746829885321821
"2019-10-28 00:00:00",8.464557738342531,21.483636363636364,-0.24689599023000208,0.12722257352544108,0.3708074848451117,0.3575930285014941,0.6676199553106497,0.2006491648912081,0.02196343260958189
"2019-11-04 00:00:00",8.258581122519633,21.444848484848485,-0.28760431508243445,0.1441696150007057,0.3896000526246548,0.3749458422479599,0.6881798280441178,0.22069326251221222,0.0193499827512309
"2019-11-11 00:00:00",7.75634063346984,21.698181818181816,-0.30004296989845536,0.1495776522376855,0.4012068250129033,0.37884966701357414,0.6946045286929923,0.21938771270247104,0.026772180348947794
"2019-11-18 00:00:00",7.216857578095633,20.77939393939394,-0.34489751302289473,0.1503301959923562,0.4186503800107275,0.39449176578838063,0.7124034330316458,0.21739098117077504,0.022277046592584115
"2019-11-25 00:00:00",5.897634874473263,16.235757575757575,-0.37693647239749417,0.15376541887247352,0.4201810490522504,0.39967751012805786,0.7213369236360507,0.24089095607142852,0.0278175602922881
"2019-12-02 00:00:00",6.238664015668585,17.145454545454545,-0.34414365515525713,0.12922325987321726,0.40583931264104933,0.39084700490881397,0.7084518698789684,0.23021613235605587,0.023008812552922198
"2019-12-09 00:00:00",6.400765624072644,17.098787878787878,-0.3366050764788806,0.14149825887156764,0.41224332830700416,0.4007137656722486,0.7194485358188785,0.2480331045380455,0.02091805266624136
"2019-12-16 00:00:00",5.944848358953053,15.54,-0.42706802059539695,0.1678068052949815,0.4287538076973678,0.42549903297704605,0.7621308623725422,0.2631741159091032,0.014750311000532923
"2019-12-23 00:00:00",6.403965616159218,14.861212121212123,-0.43121423886740395,0.15851498032411637,0.4447253903838564,0.44004234354551275,0.7879702598451572,0.28182728129698753,0.021127128654909733
"2019-12-30 00:00:00",6.240221971630364,15.149090909090908,-0.4059600003015432,0.15398839479978332,0.4402022001153696,0.4388274232523237,0.7907911835868084,0.27519846909730017,0.011300557187509774
"2020-01-06 00:00:00",6.4953706451421445,15.936363636363637,-0.43159116780122275,0.14336045626449123,0.452409095969154,0.4499895034459964,0.8193271940922353,0.27450475746774483,0.01056879122717147
"2020-01-13 00:00:00",7.04091736403743,16.54,-0.48134578706530673,0.1716270100495949,0.4627149261736816,0.46868230280995005,0.864999166464417,0.27920659465923037,0.01767737484188614
"2020-01-20 00:00:00",7.5360555522582935,19.02787878787879,-0.49793066015333465,0.1781255389310743,0.48503233380223243,0.4872143038998049,0.8861945124162258,0.3031782289279237,0.020395362694571206
"2020-01-27 00:00:00",7.686657961896849,19.426666666666666,-0.4078446449706372,0.1501350920559601,0.4439294424822646,0.44880584948388225,0.8406411554061508,0.26032218161811915,0.024054192496262727
"2020-02-03 00:00:00",8.316324410944269,22.145454545454545,-0.41274472111028193,0.13623567858716878,0.43704826288039045,0.4511686907893857,0.8764280413706698,0.25114976272090606,0.02238158458691797
"2020-02-10 00:00:00",8.865199715116624,26.041212121212123,-0.4685302033154669,0.17532962984254086,0.48142552093348057,0.49725079617478785,0.956740284540345,0.278050403388284,0.03314899800332416
"2020-02-17 00:00:00",8.615392604902366,30.005454545454544,-0.49039208147695834,0.19712030073878184,0.4875613532632348,0.5097885949357477,0.9786869228012816,0.29415996207864326,0.03618059983901145
"2020-02-24 00:00:00",8.651937800462933,31.412121212121207,-0.3339665739421489,0.1353690338696949,0.4148340805359618,0.44088206786580497,0.866846720495986,0.24922277988017272,0.037957745742690285
"2020-03-02 00:00:00",7.658065760579262,26.326060606060604,-0.16962555879714436,0.03282014030063429,0.35120480098772444,0.380287918243011,0.8253849046911483,0.16412733261494927,0.017781912836220215
"2020-03-09 00:00:00",6.846736700496567,23.203636363636363,0.3931293393943507,-0.07456105969309446,0.2068766255452219,0.22678363252234424,0.6341794493960837,0.004804600001752979,-0.00793443376995373
"2020-03-16 00:00:00",3.8564454863790143,12.63030303030303,1.2317962171412202,-0.2385502732326109,0.021551820104642294,0.06579329381864651,0.4434469340488718,-0.20130520987788392,0.02541318642260526
"2020-03-23 00:00:00",5.0924486121827215,14.601818181818182,0.9272376386156154,-0.23864608320137692,-0.05923663890378783,-0.0006387264776690493,0.4406795918003126,-0.22997868133806298,0.07140990392958302
"2020-03-30 00:00:00",5.178279620946841,14.73030303030303,0.833005405160911,-0.14502929172045087,0.12978454251970906,0.1732244073913607,0.6220441664475569,-0.10985306821436858,0.03680782780501568
"2020-04-06 00:00:00",5.9929768334421425,18.086060606060602,0.5910170296492299,-0.12245297908032882,0.14762177041482416,0.1897642965298838,0.6616560020442388,-0.1285009623087081,0.0525930649494557
"2020-04-13 00:00:00",5.689862899875363,17.773333333333333,0.5344776895764072,-0.07981144598146861,0.18358768583081186,0.23351482694085757,0.7132791799753417,-0.06861103929332646,0.040153043623704976
"2020-04-20 00:00:00",5.921924149801175,20.433333333333334,0.6147635524798156,-0.07012941313781129,0.19672715128576201,0.2609979319555302,0.7942424197813496,-0.066676607715355,0.04496179136307088
"2020-04-27 00:00:00",6.6316645893920505,22.575151515151514,0.44966867946717315,-0.07151517368605331,0.22118445953467658,0.28570726674200375,0.8170945770512152,-0.015298171110997627,0.04579809531774326
"2020-05-04 00:00:00",7.658471323718519,23.612727272727273,0.5175158875545602,-0.08834201720050239,0.2017528058049043,0.26974357141899996,0.8163654904261017,-0.027523757692593298,0.039943967635036826
"2020-05-11 00:00:00",7.602597582448018,21.486060606060605,0.22954218211698363,-0.057143678371160855,0.22564794106038688,0.3088041521687668,0.9119345805745172,0.019057292671311066,0.047888855204423875
"2020-05-18 00:00:00",8.604976556472193,24.690303030303028,0.2906046693956321,-0.03677273701208761,0.2446424053515226,0.3193989717843695,0.9187203291967985,0.0266402559978256,0.04193018952738359
"2020-05-25 00:00:00",7.713123429679307,23.479393939393937,0.29475088766763924,-0.035466237438006476,0.237952496129052,0.32008683106801317,0.9355930920255358,0.04374061422882547,0.04391641141973035
"2020-06-01 00:00:00",8.783280906878748,28.181212121212123,0.2596964968224891,0.009214305996136263,0.28905204780747473,0.36487808364190233,0.9736098193205733,0.08506002072628771,0.02259066057558612
"2020-06-08 00:00:00",8.624661206401962,28.625454545454545,0.12400208064771467,0.11658592499298859,0.39518282007428174,0.4437853700370282,1.0358337029483144,0.18456705922295158,0.010046101255501316
"2020-06-15 00:00:00",8.104491859061865,26.396363636363635,0.4217759383645807,0.03747824678209155,0.30363211318348804,0.3697288315772078,1.0102087548129792,0.09462803728037383,0.010673329221505545
"2020-06-22 00:00:00",8.425905592814608,27.73878787878788,0.32264362877023167,0.06810433879798561,0.3168793579792133,0.3926291857800728,1.0828788090252783,0.10557509628511119,0.01443669701753092
"2020-06-29 00:00:00",8.03156962826676,26.33878787878788,0.3448824358655418,0.06541730467395879,0.29516359183508256,0.36376589557938743,1.0480967508231935,0.09579261719231069,0.019663596734233124
"2020-07-06 00:00:00",8.120091202247412,27.430909090909093,0.2167265983671438,0.10908313343889864,0.3301402649448959,0.4202596892126691,1.1802811223147471,0.11357187573623362,0.011823247159179928
"2020-07-13 00:00:00",8.168496646685263,28.255757575757578,0.328297562777514,0.11487702355009022,0.31995790027627957,0.40931647333651955,1.1799007471719212,0.08321514631086169,0.009418873289497087
"2020-07-20 00:00:00",8.081478623855025,27.734545454545454,0.10176327355240433,0.13638636153804629,0.3500688168560817,0.45247294345707356,1.2518364306287442,0.13321446997178654,0.0017875997031120416
"2020-07-27 00:00:00",9.551066334302726,38.0969696969697,0.10590949182441145,0.11824692145150362,0.3452060963638388,0.4469209363819495,1.1947389553245489,0.14594722078567068,-0.020688069078706683
"2020-08-03 00:00:00",10.089654183235405,45.383636363636356,0.07273974564835539,0.10155159889417886,0.34923542448868083,0.4715766717437233,1.2730141559590722,0.1627171793500921,-0.02256975297671948
"2020-08-10 00:00:00",10.729044255841098,46.68545454545454,-0.029407995416544153,0.10508350274277811,0.4062643579286127,0.5009938226663033,1.2792012557890011,0.22506105007754718,-0.021733449022047102
"2020-08-17 00:00:00",10.993980849506398,51.58909090909091,-0.07313175173952702,0.1253891191231471,0.4089699735864716,0.510605986162415,1.321022310215215,0.2259150779571446,-0.029364722608432148
"2020-08-24 00:00:00",10.58431261993788,47.370303030303035,-0.07577025427625883,0.13809526298094443,0.4324258953781386,0.5326219498577383,1.3904363943265627,0.21294941899340447,-0.02466051286340032
"2020-08-31 00:00:00",10.554409757255623,50.981212121212124,0.01205418730352581,0.1275422304212328,0.43857842591561846,0.5634550189161303,1.4900585563887438,0.20673832351889754,-0.03678692020614893
"2020-09-07 00:00:00",9.042930342057886,40.34606060606061,0.09007847660402102,0.11859532133792539,0.4235631951261476,0.530692370568556,1.3896053054807163,0.1863193452862304,-0.0298874125801023
"2020-09-14 00:00:00",9.392778008586069,43.873333333333335,-0.055039162916223794,0.14916741137142386,0.4164801190126808,0.5112983120647838,1.3188002819957383,0.18849322517766876,-0.02706488673308327
"2020-09-21 00:00:00",9.540675015332264,41.979393939393944,-0.051646802511854384,0.09244616786254944,0.3736907087124166,0.4655244033714039,1.2576230262745054,0.14843165270944847,-0.02215160099938318
"2020-09-28 00:00:00",9.683512374621639,42.65090909090909,-0.04410822383547808,0.12105241153691404,0.3957707993887445,0.4970319318572647,1.3366239415599033,0.1691787983372821,-0.014624865407332321
"2020-10-05 00:00:00",9.597711041209173,41.724848484848486,-0.058808452254412,0.11734543674538767,0.42433890277595054,0.5224916585895312,1.3663576403055862,0.22412287731451186,-0.022465214982385406
"2020-10-12 00:00:00",10.350460957129009,45.123636363636365,-0.17641027960588307,0.14435513794022503,0.4591966644065053,0.5786013230124663,1.4854134562661931,0.27649509765392444,-0.02706488673308327
"2020-10-19 00:00:00",10.493787959720656,44.906666666666666,-0.1240171578050675,0.11964052099719025,0.4267060002226428,0.5306745040936562,1.3921173029239373,0.2501531201119376,-0.023301518937057675
"2020-10-26 00:00:00",11.878528893900725,47.123030303030305,-0.08896276695991734,0.06063203223395752,0.4008976551668304,0.5190836285023874,1.365423233346621,0.2434507212809649,-0.02727396272175131
"2020-11-02 00:00:00",12.3787020001187,46.458181818181814,-0.022246345673986645,0.02675885327661387,0.3624244785605133,0.4785579968108342,1.2791167713856568,0.21438101772887963,-0.016820163288347234
"2020-11-09 00:00:00",14.15686390883732,53.13878787878787,-0.24350362982563267,0.14065861514529154,0.47541163612075343,0.5858729782966996,1.4324240119436973,0.3213855823009606,-0.030619178540440495
"2020-11-16 00:00:00",15.199898114625991,55.38727272727272,-0.30117375669991187,0.1443725579345463,0.5155111169582951,0.6200024119741114,1.4700502687340102,0.3843569484386111,-0.032291786449785254
"2020-11-23 00:00:00",17.187117929847467,69.36727272727272,-0.3079584775086506,0.1433587142650592,0.4973368888708978,0.5979730484226138,1.4479590056755263,0.40921817027886953,-0.03291901441578937
"2020-11-30 00:00:00",17.818752843887864,70.96606060606061,-0.35243609169927104,0.15765965860295128,0.4997338406889782,0.6176440372873333,1.5224662718276734,0.41077686749926934,-0.039609446053168074
"2020-12-07 00:00:00",17.953389914337148,71.12242424242424,-0.35130530489781453,0.15590372317538637,0.5215503020857581,0.64905776677997,1.5899371324188265,0.46813692207697377,-0.05089954944124442
"2020-12-14 00:00:00",17.962955269353273,69.75030303030303,-0.30607383283955647,0.15173686053378344,0.511013227004544,0.629194713310077,1.5623323419454929,0.4848397010206893,-0.05163131540158272
"2020-12-21 00:00:00",21.797401428373593,74.42,-0.30494304603809996,0.1537523538767327,0.5289713904040967,0.6503798859225578,1.609220692341975,0.5263523517296544,-0.0587398990162975
"2020-12-28 00:00:00",25.48405939027044,85.55575757575758,-0.36600553331674845,0.20113386743035933,0.5384600204426544,0.6684428920462921,1.6397749527944168,0.5500403700410474,-0.05560375918627625
"2021-01-04 00:00:00",29.721897441984684,123.43272727272726,-0.3121046957806576,0.19559866423483552,0.529347859087367,0.6529392584519593,1.6101270132228267,0.5127493361988491,-0.06041250692564226
"2021-01-11 00:00:00",32.9163649672582,130.6339393939394,-0.3464052287581699,0.213882690274243,0.5690592330968598,0.6971409173541538,1.6528578427474057,0.6225116175432628,-0.05351299929959541
"2021-01-18 00:00:00",34.71608601895266,147.14909090909092,-0.35507459423600274,0.2009108915030493,0.5592209527086518,0.6831336010326823,1.6325933261721373,0.6476068362552239,-0.05100408743557849
"2021-01-25 00:00:00",32.047594318159334,166.97030303030306,-0.35695923890509684,0.1883876575856238,0.5665954884478763,0.7220423167458003,1.7722749122896042,0.6791908528378832,-0.05508106921460609
"2021-02-01 00:00:00",32.16447069064435,159.57272727272726,-0.2506652795681903,0.1864775552083171,0.5287416635462947,0.6856393741373843,1.724082306930419,0.6465123418330945,-0.04849517557156158
"2021-02-08 00:00:00",40.87720834075217,201.74121212121213,-0.3844750510738706,0.22461776177460968,0.588139212451803,0.7489447613262286,1.8158091146766497,0.77707003286303,-0.04943601752056781
"2021-02-15 00:00:00",45.957158683997065,210.97454545454545,-0.4067138581691808,0.22374502005912356,0.5918148421766369,0.7575385357530495,1.8389753384495777,0.77667914255745,-0.05414022726559975
"2021-02-22 00:00:00",51.29541317981284,204.12484848484848,-0.4070907871029996,0.2150480878943235,0.5950173560159089,0.7314847487303637,1.7189090816230777,0.7490822211902601,-0.05905351299929962
"2021-03-01 00:00:00",45.92226047045324,179.98181818181817,-0.44063746221287436,0.2205162241117109,0.5957166567152097,0.7427942273419601,1.7310838207823651,0.767375928220553,-0.04828609958289343
"2021-03-08 00:00:00",49.324040002374026,211.70666666666665,-0.41990637085283944,0.2525768526599461,0.6092234827401253,0.7068513464622146,1.5287915609189504,0.7100712653039927,-0.03500977430247032
"2021-03-15 00:00:00",56.09876451619285,218.80424242424243,-0.5039615230944358,0.25958927137389765,0.6674658192747918,0.7727741722238848,1.6898770002489507,0.8326547815680518,-0.04002759803050426
"2021-03-22 00:00:00",54.50637030882149,208.98606060606062,-0.5499468530203315,0.2766425748145205,0.6562193233683828,0.7601113081386262,1.6906944367112922,0.7608089538552452,-0.04034121201350638
"2021-03-29 00:00:00",55.04905830217421,212.18545454545458,-0.5473083504835998,0.29062299125690494,0.6784922024429987,0.7737344952497511,1.6658628071981614,0.6792947043699973,-0.028423880659425804
"2021-04-05 00:00:00",56.40653253407719,249.52909090909088,-0.5940475382771333,0.3158340780380906,0.6964969184216654,0.8214469164697633,1.7958936385567652,0.7620845598979396,-0.03197817246678314
"2021-04-12 00:00:00",58.67449106771915,259.78181818181815,-0.6170402032400811,0.32522606797630194,0.7075384817787136,0.843815743044358,1.8413715990452872,0.7366288332691966,-0.03678692020614893
"2021-04-19 00:00:00",54.33548974222011,262.79515151515153,-0.6166632743062623,0.3385863326208556,0.7243495289081396,0.8595695072872886,1.859531016776065,0.7367071585819005,-0.04797248559989142
"2021-04-26 00:00:00",50.057985637129796,292.8890909090909,0.5009310144665324,0.332310779666686,0.7194888324410758,0.8704501905012887,1.8838932633629488,0.7866787080869406,-0.05069047345257638
"2021-05-03 00:00:00",56.12279660513977,387.33393939393943,0.46059961854791887,0.32709610436667,0.726150911317337,0.872701366338668,1.8373350991512578,0.7700737417937298,-0.04922694153189977
"2021-05-10 00:00:00",55.29720359269591,479.1527272727273,0.44552246119516625,0.3413752737116609,0.7580085616265066,0.8708119866180104,1.7467363195920997,0.7204938188522088,-0.05696275311261889
"2021-05-17 00:00:00",42.91755198132431,405.510303030303,0.5028156591356265,0.3410451648192765,0.7370077823768129,0.8595829071434633,1.7372428756558183,0.7334958207610436,-0.056858215118284816
"2021-05-24 00:00:00",35.80370249470789,287.32,0.4221528672983994,0.3446066826582215,0.7403570380415536,0.8746622119589251,1.8048558526246583,0.7341224232626744,-0.060935196897312416
"2021-05-31 00:00:00",34.46979049201733,301.6460606060606,0.30794340035129775,0.3517898173165195,0.7472119053161022,0.877815644778746,1.8140588544383696,0.7662358014712423,-0.05884443701063158