"DateTime","Price","Out","At","In"
"2019-08-06 00:00:00",11770.48,1564972,1134672,24061502
"2019-08-07 00:00:00",11766.27,1593951,1775501,23388215
"2019-08-08 00:00:00",11770.46,1440616,946070,24378200
"2019-08-09 00:00:00",11850.81,1498362,904467,24322948
"2019-08-10 00:00:00",11601.89,1498280,1216495,24032109
"2019-08-11 00:00:00",11338.36,2388494,1464693,22908394
"2019-08-12 00:00:00",11397.56,1566173,2138004,23079852
"2019-08-13 00:00:00",11102.39,2250357,1592965,22946950
"2019-08-14 00:00:00",10399.01,4702263,1775925,20233812
"2019-08-15 00:00:00",9974.37,4993358,913210,20794667
"2019-08-16 00:00:00",10154.65,4285261,1084552,21355610
"2019-08-17 00:00:00",10242.7,4228724,1220207,21302598
"2019-08-18 00:00:00",10296.17,4350811,1397616,21047357
"2019-08-19 00:00:00",10592.57,4148065,1319499,21368532
"2019-08-20 00:00:00",10766.22,3267721,942767,22631774
"2019-08-21 00:00:00",10337.89,4678406,1754751,20426105
"2019-08-22 00:00:00",10004.53,4758285,1361422,20786681
"2019-08-23 00:00:00",10260.9,4647460,1508096,20768604
"2019-08-24 00:00:00",10171.1,3913133,1649832,21364560
"2019-08-25 00:00:00",10130.49,4418337,1656135,20774679
"2019-08-26 00:00:00",10384.34,3956098,1735577,21193585
"2019-08-27 00:00:00",10210.09,3915437,1777175,21202229
"2019-08-28 00:00:00",9941.21,4308561,1836263,20755529
"2019-08-29 00:00:00",9534.61,5803374,989646,20117326
"2019-08-30 00:00:00",9534.06,6274951,774129,19867280
"2019-08-31 00:00:00",9613.07,5982542,1000937,19946531
"2019-09-01 00:00:00",9701.1,5790002,1149892,20016576
"2019-09-02 00:00:00",10111.88,3962845,1404702,21608951
"2019-09-03 00:00:00",10534.79,3680750,1469778,21827944
"2019-09-04 00:00:00",10610.01,3220750,1385049,22405630
"2019-09-05 00:00:00",10567.74,3265150,1624257,22116172
"2019-09-06 00:00:00",10583.28,3250274,1736764,22043315
"2019-09-07 00:00:00",10439.61,3687501,2102860,21263547
"2019-09-08 00:00:00",10441.28,3333096,1906745,21847976
"2019-09-09 00:00:00",10308.23,3541197,2128987,21452626
"2019-09-10 00:00:00",10181.02,3636218,2240969,21213654
"2019-09-11 00:00:00",10063.05,4538546,1787109,20762625
"2019-09-12 00:00:00",10264.58,4509299,1793918,20731548
"2019-09-13 00:00:00",10223.4,3552318,1867946,21650033
"2019-09-14 00:00:00",10353.67,3720420,2049153,21293115
"2019-09-15 00:00:00",10340.56,3647042,2136325,21307745
"2019-09-16 00:00:00",10257.47,3807181,2087055,21221300
"2019-09-17 00:00:00",10225.23,4030303,2138507,20942836
"2019-09-18 00:00:00",10186.55,4238293,2072881,20806258
"2019-09-19 00:00:00",10004.79,4329908,2004316,20711883
"2019-09-20 00:00:00",10193.37,3980277,1917354,21175963
"2019-09-21 00:00:00",10066.13,4367067,2056960,20674218
"2019-09-22 00:00:00",9984.31,5714932,1056863,20364509
"2019-09-23 00:00:00",9855,6731998,2808411,17636781
"2019-09-24 00:00:00",8947.3,7256052,2229275,17718854
"2019-09-25 00:00:00",8499.22,8047208,604510,18538093
"2019-09-26 00:00:00",8112.37,8858249,540700,17770213
"2019-09-27 00:00:00",8096.36,8537864,1146573,17485422
"2019-09-28 00:00:00",8194.74,8289162,1129614,17768964
"2019-09-29 00:00:00",8104.66,8243375,1211562,17759969
"2019-09-30 00:00:00",8054.6,8347039,1438703,17461580
"2019-10-01 00:00:00",8374.81,7979060,1142873,18133568
"2019-10-02 00:00:00",8294.91,7816138,960332,18492186
"2019-10-03 00:00:00",8269.83,7673237,1138091,18488348
"2019-10-04 00:00:00",8144.21,7923369,1611303,17782175
"2019-10-05 00:00:00",8142.38,8033807,1660526,17660793
"2019-10-06 00:00:00",8021.84,7884135,1805263,17693930
"2019-10-07 00:00:00",8062.05,9249409,222584,17945981
"2019-10-08 00:00:00",8240.45,7778684,1780065,17867343
"2019-10-09 00:00:00",8415.15,6509811,1262941,19669935
"2019-10-10 00:00:00",8569.36,7074808,899488,19494146
"2019-10-11 00:00:00",8546.94,7082569,1084056,19325423
"2019-10-12 00:00:00",8355.78,7801738,1569442,18147688
"2019-10-13 00:00:00",8346.38,7471095,1516343,18566209
"2019-10-14 00:00:00",8321.15,7664233,1793495,18139761
"2019-10-15 00:00:00",8278.12,7284507,1796938,18541115
"2019-10-16 00:00:00",8069.59,7886283,2170767,17586885
"2019-10-17 00:00:00",8047.23,8747374,1573436,17337602
"2019-10-18 00:00:00",8004.01,8242095,2017537,17387548
"2019-10-19 00:00:00",8013.87,8751516,1710142,17223088
"2019-10-20 00:00:00",8118.81,8695258,1814584,17220729
"2019-10-21 00:00:00",8268.32,7551352,2226331,17995321
"2019-10-22 00:00:00",8169.89,7540687,2411287,17849285
"2019-10-23 00:00:00",7703.93,10445044,1887353,15485939
"2019-10-24 00:00:00",7447.22,10844511,552685,16422452
"2019-10-25 00:00:00",8107.53,6548667,3037783,18243352
"2019-10-26 00:00:00",9517.66,4212390,2041127,21587676
"2019-10-27 00:00:00",9460,5622042,1226642,20986327
"2019-10-28 00:00:00",9568.1,5032924,1459528,21374880
"2019-10-29 00:00:00",9332.24,5583953,1475134,20806371
"2019-10-30 00:00:00",9230.05,5329300,1648934,20902588
"2019-10-31 00:00:00",9197.58,5760444,1511388,20638234
"2019-11-01 00:00:00",9190.62,5888419,1499907,20523903
"2019-11-02 00:00:00",9311.95,5505609,1849681,20553047
"2019-11-03 00:00:00",9252.16,5425658,1893502,20619502
"2019-11-04 00:00:00",9359.87,5543451,1977503,20446776
"2019-11-05 00:00:00",9346,5289710,2098610,20602470
"2019-11-06 00:00:00",9362.67,5422299,2133247,20453005
"2019-11-07 00:00:00",9248.38,5338897,2196739,20417309
"2019-11-08 00:00:00",8973.29,5485092,2234922,20216469
"2019-11-09 00:00:00",8806.85,7201667,1298396,19466803
"2019-11-10 00:00:00",8947.46,7026383,1442514,19494476
"2019-11-11 00:00:00",8852.14,5872638,2171395,19948430
"2019-11-12 00:00:00",8722.47,7050985,1649534,19307692
"2019-11-13 00:00:00",8781.01,6847457,1791012,19398730
"2019-11-14 00:00:00",8697.98,6868957,1828209,19357762
"2019-11-15 00:00:00",8583.35,7102336,2054357,18895627
"2019-11-16 00:00:00",8490.73,7462217,2363295,18250281
"2019-11-17 00:00:00",8526.21,7193148,2485550,18444506
"2019-11-18 00:00:00",8306.75,7160229,2549454,18433462
"2019-11-19 00:00:00",8116.25,8273439,2657936,17239722
"2019-11-20 00:00:00",8139.98,8468270,2494487,17157328
"2019-11-21 00:00:00",7785.53,8492323,2542450,17121736
"2019-11-22 00:00:00",7268.47,11824233,1031429,15307163
"2019-11-23 00:00:00",7243.8,11258230,1099407,15830292
"2019-11-24 00:00:00",7126.74,12125652,687998,15407834
"2019-11-25 00:00:00",6973.1,12417548,366983,15485403
"2019-11-26 00:00:00",7196.47,11511984,717689,16071535
"2019-11-27 00:00:00",7277.31,11383987,911277,16021995
"2019-11-28 00:00:00",7526.12,10515535,676050,17089544
"2019-11-29 00:00:00",7648.83,10135981,476929,17696666
"2019-11-30 00:00:00",7654.06,9914321,880208,17530509
"2019-12-01 00:00:00",7418.73,10819953,760477,16778878
"2019-12-02 00:00:00",7317.86,10865229,1123176,16430302
"2019-12-03 00:00:00",7340.64,10914543,1205917,16310914
"2019-12-04 00:00:00",7437.72,10086526,1221130,17157596
"2019-12-05 00:00:00",7334.41,11461099,1063346,15971530
"2019-12-06 00:00:00",7465.83,10622123,1605145,16279041
"2019-12-07 00:00:00",7571.81,10080544,1340102,17059304
"2019-12-08 00:00:00",7504.66,10126628,1516870,16835391
"2019-12-09 00:00:00",7481.73,9986542,1539879,16972600
"2019-12-10 00:00:00",7290.03,10719377,1602913,16139585
"2019-12-11 00:00:00",7225.94,11282748,1146138,15983615
"2019-12-12 00:00:00",7206.66,11123371,1300823,15932809
"2019-12-13 00:00:00",7253.74,10990278,1406852,15994014
"2019-12-14 00:00:00",7158.46,10947838,1447420,15993766
"2019-12-15 00:00:00",7117.65,11910177,861887,15636742
"2019-12-16 00:00:00",7020.83,11417447,1208762,15718069
"2019-12-17 00:00:00",6766.79,12227540,623955,15496279
"2019-12-18 00:00:00",6946.48,9859074,2599539,15746358
"2019-12-19 00:00:00",7217.32,10283276,1514152,16433985
"2019-12-20 00:00:00",7164.31,10788535,1490357,15973173
"2019-12-21 00:00:00",7173.34,10499441,1645783,16145450
"2019-12-22 00:00:00",7335.29,9852962,896068,17586355
"2019-12-23 00:00:00",7484.97,9296422,1055060,17999150
"2019-12-24 00:00:00",7302.46,10305157,1545934,16506807
"2019-12-25 00:00:00",7206.41,10498238,1644957,16233758
"2019-12-26 00:00:00",7304.83,10506379,1766547,16116433
"2019-12-27 00:00:00",7164.54,10463214,1867217,16080522
"2019-12-28 00:00:00",7310.85,10313312,1872093,16242370
"2019-12-29 00:00:00",7417.99,10101522,1752686,16622535
"2019-12-30 00:00:00",7319.43,9706059,1837743,16959289
"2019-12-31 00:00:00",7233.59,10432532,1981590,16107802
"2020-01-01 00:00:00",7219.49,10797142,1695371,16026323
"2020-01-02 00:00:00",7085.34,10577029,1919081,16042702
"2020-01-03 00:00:00",7144.87,10023010,2465487,16036366
"2020-01-04 00:00:00",7342.18,9941119,1808456,16771804
"2020-01-05 00:00:00",7415.75,9472104,1717327,17364162
"2020-01-06 00:00:00",7577.37,7074906,2484729,19028883
"2020-01-07 00:00:00",7977.6,8360079,722837,19502231
"2020-01-08 00:00:00",8166.31,6879584,949365,20779262
"2020-01-09 00:00:00",7902.08,7874997,1268141,19481800
"2020-01-10 00:00:00",7937.31,8595855,1036601,18987060
"2020-01-11 00:00:00",8145.65,7072891,1510930,20088105
"2020-01-12 00:00:00",8076.77,7498050,1947902,19274138
"2020-01-13 00:00:00",8128.89,7055531,1814571,19890878
"2020-01-14 00:00:00",8490.24,4437083,2459690,21896231
"2020-01-15 00:00:00",8724.99,5837675,708923,22228637
"2020-01-16 00:00:00",8716.67,5947535,867772,21986003
"2020-01-17 00:00:00",8835.17,5988193,1111916,21735954
"2020-01-18 00:00:00",8890.96,5722136,721658,22412449
"2020-01-19 00:00:00",8842.77,5517094,897514,22489905
"2020-01-20 00:00:00",8629.44,6112590,1303901,21523057
"2020-01-21 00:00:00",8625.83,6384322,1329410,21226326
"2020-01-22 00:00:00",8688.08,5942455,1473438,21513850
"2020-01-23 00:00:00",8485.96,6286663,1488488,21140242
"2020-01-24 00:00:00",8371.67,7325347,1135416,20447000
"2020-01-25 00:00:00",8353.87,7340957,1265130,20309107
"2020-01-26 00:00:00",8453.95,7462877,1323556,20105516
"2020-01-27 00:00:00",8781.69,6198580,1360978,21365909
"2020-01-28 00:00:00",9149.99,5400382,803780,22709235
"2020-01-29 00:00:00",9331.72,4698962,834493,23366899
"2020-01-30 00:00:00",9371.49,4964451,1123957,22863820
"2020-01-31 00:00:00",9363.62,4609732,994483,23341724
"2020-02-01 00:00:00",9376.24,4704469,1234520,23019794
"2020-02-02 00:00:00",9319.53,4749638,1390903,22786365
"2020-02-03 00:00:00",9418.24,4618692,1405518,22919304
"2020-02-04 00:00:00",9218.32,4890892,1614762,22404868
"2020-02-05 00:00:00",9456.63,4458817,666156,23770158
"2020-02-06 00:00:00",9693.23,4413518,825439,23677143
"2020-02-07 00:00:00",9790.17,4237526,661185,24040159
"2020-02-08 00:00:00",9800.76,4219861,800170,23876838
"2020-02-09 00:00:00",10021.69,3947078,966800,24015117
"2020-02-10 00:00:00",9973.13,4376922,159004,24425757
"2020-02-11 00:00:00",10043.38,0,4287932,24711028
"2020-02-12 00:00:00",10362.99,3102967,843292,25049923
"2020-02-13 00:00:00",10290.78,3031011,864764,25136860
"2020-02-14 00:00:00",10245.52,3240936,1180764,24613820
"2020-02-15 00:00:00",10089.24,4408008,297037,24372691
"2020-02-16 00:00:00",9838.5,4594609,1068411,23447382
"2020-02-17 00:00:00",9720.58,5708549,1822696,21598583
"2020-02-18 00:00:00",9946.56,4722990,301158,24119579
"2020-02-19 00:00:00",9820.11,4773004,2815308,21555867
"2020-02-20 00:00:00",9550.7,5593486,844131,22721217
"2020-02-21 00:00:00",9674.12,5447421,1055738,22654517
"2020-02-22 00:00:00",9649.03,4944552,1448211,22782657
"2020-02-23 00:00:00",9840.64,4918463,1560498,22757033
"2020-02-24 00:00:00",9757.53,5579776,2188173,21505240
"2020-02-25 00:00:00",9470.22,5160063,1489761,22632023
"2020-02-26 00:00:00",9016.02,7854156,2521226,18956650
"2020-02-27 00:00:00",8759.79,8151516,911432,20294072
"2020-02-28 00:00:00",8678.96,7648686,1165676,20571251
"2020-02-29 00:00:00",8680.47,7803548,1288830,20302182
"2020-03-01 00:00:00",8610.14,8260159,1353994,19822541
"2020-03-02 00:00:00",8752.79,7556882,702034,21220839
"2020-03-03 00:00:00",8810.63,7321505,1145752,21020417
"2020-03-04 00:00:00",8777.37,7513332,1684541,20285573
"2020-03-05 00:00:00",8976.29,7349254,1590512,20565475
"2020-03-06 00:00:00",9099.31,6753085,1012399,21772022
"2020-03-07 00:00:00",9052.88,6509392,1042127,22008440
"2020-03-08 00:00:00",8476.67,9102866,1404578,19101320
"2020-03-09 00:00:00",7932.58,11615465,2544686,15489366
"2020-03-10 00:00:00",7961.61,10580894,1424679,17661763
"2020-03-11 00:00:00",7806.64,10548650,1514663,17611602
"2020-03-12 00:00:00",6360.19,14111971,3432669,12153860
"2020-03-13 00:00:00",4966.74,17532090,314093,11870583
"2020-03-14 00:00:00",5367.43,16401212,799715,12550715
"2020-03-15 00:00:00",5537.92,13919642,2676531,13111808
"2020-03-16 00:00:00",4909.58,17430855,4766241,7482991
"2020-03-17 00:00:00",5256.17,16495727,1150071,12071610
"2020-03-18 00:00:00",5237.87,15939324,1341716,12455750
"2020-03-19 00:00:00",5843.66,13772714,2071689,13953323
"2020-03-20 00:00:00",6311.87,13794157,2211085,13844074
"2020-03-21 00:00:00",6168.22,13906572,2290510,13726385
"2020-03-22 00:00:00",6082.91,13728442,2488661,13722541
"2020-03-23 00:00:00",6159.1,15385738,1377887,13211331
"2020-03-24 00:00:00",6632.07,12960109,2798046,14261671
"2020-03-25 00:00:00",6731.65,12624873,2887208,14529462
"2020-03-26 00:00:00",6667.87,12433071,3140093,14550814
"2020-03-27 00:00:00",6594.75,12031786,3203065,14786159
"2020-03-28 00:00:00",6217.9,13163880,3081622,13688555
"2020-03-29 00:00:00",6084.58,13375075,3088216,13520045
"2020-03-30 00:00:00",6245.87,15056780,1885135,13082046
"2020-03-31 00:00:00",6441.14,12872389,3429226,13707655
"2020-04-01 00:00:00",6442.02,12870073,3456361,13642557
"2020-04-02 00:00:00",6915.45,12164994,3583164,14191617
"2020-04-03 00:00:00",6831.42,11763977,3698150,14487435
"2020-04-04 00:00:00",6840.75,11778835,3780574,14412466
"2020-04-05 00:00:00",6799.73,11299112,3822986,14878797
"2020-04-06 00:00:00",7069.48,11375372,4025774,14652719
"2020-04-07 00:00:00",7273.52,9928568,3070011,17077331
"2020-04-08 00:00:00",7291.91,10265318,3493655,16216039
"2020-04-09 00:00:00",7249.45,9911617,3449238,16625410
"2020-04-10 00:00:00",7031.24,9960675,3674656,16392863
"2020-04-11 00:00:00",6870.9,11216274,3756502,15089201
"2020-04-12 00:00:00",7001.07,12047633,2425376,15630206
"2020-04-13 00:00:00",6763.05,12396213,2683024,15048381
"2020-04-14 00:00:00",6880.36,12049866,2582222,15491262
"2020-04-15 00:00:00",6776.14,12132126,2364422,15621542
"2020-04-16 00:00:00",6847.09,10807358,2472273,16765845
"2020-04-17 00:00:00",7080.48,10779508,2663996,16632463
"2020-04-18 00:00:00",7166.39,11124628,2337815,16605635
"2020-04-19 00:00:00",7174.59,10480619,2121524,17398859
"2020-04-20 00:00:00",6997.65,10685572,2254970,17045581
"2020-04-21 00:00:00",6864.15,12251379,1981136,15774459
"2020-04-22 00:00:00",6998.44,12261894,2095498,15691326
"2020-04-23 00:00:00",7386.38,7904833,2715482,19516143
"2020-04-24 00:00:00",7507.82,9704631,1524575,18927330
"2020-04-25 00:00:00",7577.19,9714319,1844867,18639270
"2020-04-26 00:00:00",7601.59,9567798,1615179,19022159
"2020-04-27 00:00:00",7715.16,9230356,1179227,19830294
"2020-04-28 00:00:00",7731.56,9158416,1380031,19735984
"2020-04-29 00:00:00",8342.73,4756790,3105100,22397626
"2020-04-30 00:00:00",8938.71,6067338,1239137,23044147
"2020-05-01 00:00:00",8848.93,6186406,1737669,22505850
"2020-05-02 00:00:00",8891.05,5924043,1825012,22732349
"2020-05-03 00:00:00",8966.63,5433739,1726857,23195839
"2020-05-04 00:00:00",8753.2,5779109,1954020,22538786
"2020-05-05 00:00:00",8950.36,5753145,2081158,22483564
"2020-05-06 00:00:00",9166.53,5485122,2159643,22653991
"2020-05-07 00:00:00",9553.42,0,4909433,25390657
"2020-05-08 00:00:00",9885.19,3279884,1239727,25788961
"2020-05-09 00:00:00",9718.99,3634613,1732802,24984859
"2020-05-10 00:00:00",8892.54,6297355,2206952,21865111
"2020-05-11 00:00:00",8696.71,6554755,2260633,21515811
"2020-05-12 00:00:00",8758.85,7268342,2048422,20978562
"2020-05-13 00:00:00",9107.62,6151449,2552326,21625597
"2020-05-14 00:00:00",9600.63,3989227,1701361,24700801
"2020-05-15 00:00:00",9495.42,3546086,1963347,24902394
"2020-05-16 00:00:00",9404.61,4750204,2322394,23399614
"2020-05-17 00:00:00",9609.89,4569686,2413236,23474112
"2020-05-18 00:00:00",9710.06,3645234,2195263,24587076
"2020-05-19 00:00:00",9681.33,3789602,2581533,23993606
"2020-05-20 00:00:00",9578.38,3548343,2479794,24315202
"2020-05-21 00:00:00",9189.17,6843114,1474546,22046336
"2020-05-22 00:00:00",9100.93,6406135,2362512,21588053
"2020-05-23 00:00:00",9206.21,5628730,2396970,22387641
"2020-05-24 00:00:00",9007.13,5725911,2511996,22154305
"2020-05-25 00:00:00",8808.45,7388531,2267033,20623609
"2020-05-26 00:00:00",8858.6,6589014,2686449,20980474
"2020-05-27 00:00:00",9021.42,6669205,2690450,20909297
"2020-05-28 00:00:00",9365.82,5309688,2624709,22297221
"2020-05-29 00:00:00",9473.12,3962703,2220765,24081335
"2020-05-30 00:00:00",9538.09,4659319,2331061,23290634
"2020-05-31 00:00:00",9551.88,3800780,2076556,24317388
"2020-06-01 00:00:00",9890.31,0,4363261,25753355
"2020-06-02 00:00:00",9788.39,3853669,1223660,25050873
"2020-06-03 00:00:00",9537.4,4339035,2449714,23390355
"2020-06-04 00:00:00",9674.4,3844503,2753135,23579775
"2020-06-05 00:00:00",9728.87,3496379,2557769,24122461
"2020-06-06 00:00:00",9632.28,4039231,2788052,23352151
"2020-06-07 00:00:00",9608.27,3834863,2772026,23587749
"2020-06-08 00:00:00",9729.96,3606347,2711693,23896323
"2020-06-09 00:00:00",9744.48,3603445,1899128,24642098
"2020-06-10 00:00:00",9849.52,3704958,2239278,24186285
"2020-06-11 00:00:00",9532.1,5389271,3066493,21701396
"2020-06-12 00:00:00",9393.19,6659290,1318056,22148815
"2020-06-13 00:00:00",9427.95,5394817,1951477,22797771
"2020-06-14 00:00:00",9365.29,5215565,2136308,22762798
"2020-06-15 00:00:00",9204.1,6136824,1631322,22383960
"2020-06-16 00:00:00",9484.25,5408126,1838797,22944132
"2020-06-17 00:00:00",9396.56,4883476,2406460,22913786
"2020-06-18 00:00:00",9378.11,5139225,2368187,22748599
"2020-06-19 00:00:00",9329.79,5648707,2287849,22330902
"2020-06-20 00:00:00",9286.57,6139989,1989098,22160733
"2020-06-21 00:00:00",9350.38,5730832,2061261,22529878
"2020-06-22 00:00:00",9529.03,5136251,916127,24253867
"2020-06-23 00:00:00",9650.29,3924926,1752908,24688812
"2020-06-24 00:00:00",9435.22,6405205,2341006,21605020
"2020-06-25 00:00:00",9168.09,6358955,2031660,21945351
"2020-06-26 00:00:00",9165.37,6800248,1822286,21751637
"2020-06-27 00:00:00",9028.81,7409535,1431739,21519416
"2020-06-28 00:00:00",9067.9,8204064,1167552,21003571
"2020-06-29 00:00:00",9130.38,7252280,1733342,21433763
"2020-06-30 00:00:00",9134.88,6850065,1784375,21755901
"2020-07-01 00:00:00",9198.5,7063657,1883681,21444637
"2020-07-02 00:00:00",9111.26,6358630,2062992,21979401
"2020-07-03 00:00:00",9087.22,7018626,2075684,21315846
"2020-07-04 00:00:00",9124.15,7273520,1923899,21221611
"2020-07-05 00:00:00",9044.39,6797481,2160316,21456868
"2020-07-06 00:00:00",9219.87,5103508,1824094,23453310
"2020-07-07 00:00:00",9293.5,5586628,1193817,23589642
"2020-07-08 00:00:00",9354.28,6066633,2207474,22149981
"2020-07-09 00:00:00",9306.52,5087986,2010951,23339720
"2020-07-10 00:00:00",9223.01,6453511,2205335,21769353
"2020-07-11 00:00:00",9245.17,5831571,2159422,22438019
"2020-07-12 00:00:00",9254.56,6144311,2133618,22129544
"2020-07-13 00:00:00",9268.8,5776661,2247037,22399980
"2020-07-14 00:00:00",9194.64,6371345,2281451,21813947
"2020-07-15 00:00:00",9216.73,5961609,2542112,22044824
"2020-07-16 00:00:00",9122.85,6666536,2367964,21552717
"2020-07-17 00:00:00",9131.85,7143132,2242477,21275820
"2020-07-18 00:00:00",9165.93,6937301,2441389,21375340
"2020-07-19 00:00:00",9175.86,6617671,2766222,21412494
"2020-07-20 00:00:00",9180.83,6351870,2716881,21666780
"2020-07-21 00:00:00",9298.9,5276127,1406051,24075346
"2020-07-22 00:00:00",9420.86,5409085,1433053,23987873
"2020-07-23 00:00:00",9566.88,4649957,853568,25405374
"2020-07-24 00:00:00",9562.51,4422204,1199668,25338338
"2020-07-25 00:00:00",9640.74,0,4667008,26300223
"2020-07-26 00:00:00",9899.81,0,4118204,26798499
"2020-07-27 00:00:00",10666.5,0,2628651,28174865
"2020-07-28 00:00:00",10922.19,2213211,2902037,25716130
"2020-07-29 00:00:00",11101.29,2087847,638765,28164925
"2020-07-30 00:00:00",11028.95,2050246,868701,28010126
"2020-07-31 00:00:00",11217.99,1888327,980758,28125390
"2020-08-01 00:00:00",11557.88,0,1601080,29415072
"2020-08-02 00:00:00",11400.56,1508947,3116822,26376212
"2020-08-03 00:00:00",11210.98,2416710,1047761,27485846
"2020-08-04 00:00:00",11218.12,1802308,1351553,27752969
"2020-08-05 00:00:00",11443.55,1506632,1633333,27813302
"2020-08-06 00:00:00",11743.81,1272263,304854,29416510
"2020-08-07 00:00:00",11631.52,1271548,663290,29054225
"2020-08-08 00:00:00",11673.14,1398026,1360994,28218799
"2020-08-09 00:00:00",11668.43,1270790,1024733,28639418
"2020-08-10 00:00:00",11857.36,1291542,1305768,28262939
"2020-08-11 00:00:00",11539.5,2028708,2851825,26032363
"2020-08-12 00:00:00",11401.93,2330984,1535289,27066420
"2020-08-13 00:00:00",11539.96,1569359,1746091,27612822
"2020-08-14 00:00:00",11760.32,1267229,934002,28797118
"2020-08-15 00:00:00",11839.75,1267187,1265545,28484808
"2020-08-16 00:00:00",11818.09,1265586,1359534,28389865
"2020-08-17 00:00:00",12125.2,0,1264389,29687588
"2020-08-18 00:00:00",12126.32,1185131,423779,29443614
"2020-08-19 00:00:00",11807,1261695,1514073,28371263
"2020-08-20 00:00:00",11783.88,1727205,1618965,27872591
"2020-08-21 00:00:00",11688.6,1648235,1690041,27932579
"2020-08-22 00:00:00",11532.54,2746548,1631411,26807981
"2020-08-23 00:00:00",11617.61,1592320,2371985,27231332
"2020-08-24 00:00:00",11711.05,1553588,2562050,26994851
"2020-08-25 00:00:00",11449,3871478,1229530,26076271
"2020-08-26 00:00:00",11400.94,3645613,1212812,26385469
"2020-08-27 00:00:00",11363.58,2761521,1759661,26733480
"2020-08-28 00:00:00",11421.44,3354414,1675879,26326368
"2020-08-29 00:00:00",11509.89,2356548,2216261,26760408
"2020-08-30 00:00:00",11594.53,2551771,2083841,26622928
"2020-08-31 00:00:00",11680.82,1456312,1656042,28129394
"2020-09-01 00:00:00",11801.24,1445474,1764477,28098489
"2020-09-02 00:00:00",11586.74,2367865,2898639,26149213
"2020-09-03 00:00:00",10743.32,5179601,3604657,22695829
"2020-09-04 00:00:00",10329.37,6352548,783132,24411391
"2020-09-05 00:00:00",10225.5,6539474,2002540,23009867
"2020-09-06 00:00:00",10190.34,5893063,1335784,24354241
"2020-09-07 00:00:00",10152.8,5544935,1378855,24500307
"2020-09-08 00:00:00",10149.7,6389864,2194044,22726288
"2020-09-09 00:00:00",10169.36,5597858,1610667,24139204
"2020-09-10 00:00:00",10357.35,5171269,1794503,24431386
"2020-09-11 00:00:00",10314.05,5062969,1885764,24431696
"2020-09-12 00:00:00",10384.6,4914161,1519864,24986846
"2020-09-13 00:00:00",10401.69,4765633,1361176,25281002
"2020-09-14 00:00:00",10506.48,4723923,187953,26498885
"2020-09-15 00:00:00",10784.58,4313857,891417,26219658
"2020-09-16 00:00:00",10882.36,4192949,952438,26377260
"2020-09-17 00:00:00",10901.62,3889405,1022883,26645776
"2020-09-18 00:00:00",10932.3,3869546,1294708,26345715
"2020-09-19 00:00:00",11036.26,3832410,1382974,26340676
"2020-09-20 00:00:00",10929.56,3483546,1560057,26528108
"2020-09-21 00:00:00",10655.99,5453087,3580003,22520831
"2020-09-22 00:00:00",10471.46,5708994,1079234,24793010
"2020-09-23 00:00:00",10356.55,5042847,1528742,25063916
"2020-09-24 00:00:00",10502.96,4964444,954553,25789020
"2020-09-25 00:00:00",10662.26,4050205,1320371,26407937
"2020-09-26 00:00:00",10740.57,4256409,1705168,25753609
"2020-09-27 00:00:00",10711.39,3950079,1729213,25955006
"2020-09-28 00:00:00",10800.39,3709331,1911731,26020775
"2020-09-29 00:00:00",10752.03,4221766,1970047,25523231
"2020-09-30 00:00:00",10758.15,3668014,2261480,25885321
"2020-10-01 00:00:00",10690.56,3800543,2224895,25769632
"2020-10-02 00:00:00",10528.28,4301253,2370884,25209185
"2020-10-03 00:00:00",10554.89,5252196,1498808,25173550
"2020-10-04 00:00:00",10617.22,5349396,1344380,25165201
"2020-10-05 00:00:00",10713.65,0,5170432,26606769
"2020-10-06 00:00:00",10667.49,4040608,1409269,26342707
"2020-10-07 00:00:00",10617.09,4949091,1699986,25205829
"2020-10-08 00:00:00",10749.31,4288678,2118337,25492376
"2020-10-09 00:00:00",10974.31,3592045,671825,27637165
"2020-10-10 00:00:00",11271.71,0,3424530,28514651
"2020-10-11 00:00:00",11359.1,2658279,1076545,28217006
"2020-10-12 00:00:00",11474.64,2557107,1209811,28197330
"2020-10-13 00:00:00",11438.13,2082676,1160363,28743192
"2020-10-14 00:00:00",11424.56,2279369,1523330,28194590
"2020-10-15 00:00:00",11438.32,2357040,1637641,28064327
"2020-10-16 00:00:00",11385.12,2107790,1774443,28216614
"2020-10-17 00:00:00",11340.35,3221508,1485272,27444216
"2020-10-18 00:00:00",11435.47,2512372,2125425,27534400
"2020-10-19 00:00:00",11619.53,2057299,1911608,28240947
"2020-10-20 00:00:00",11868.06,1351206,1176345,29775627
"2020-10-21 00:00:00",12568.45,0,1324666,31053913
"2020-10-22 00:00:00",12949.22,1097489,66520,31258415
"2020-10-23 00:00:00",12882.22,1096458,480861,30938372
"2020-10-24 00:00:00",13026.89,1096049,748912,30751507
"2020-10-25 00:00:00",13128.55,1028543,635219,30809115
"2020-10-26 00:00:00",13019.42,1094167,969055,30375754
"2020-10-27 00:00:00",13421.89,0,1073773,31437385
"2020-10-28 00:00:00",13380.86,975801,4486697,27157967
"2020-10-29 00:00:00",13314.58,955491,950000,30841468
"2020-10-30 00:00:00",13403.71,953560,998951,30910938
"2020-10-31 00:00:00",13755.02,916282,847172,31179504
"2020-11-01 00:00:00",13763.62,873996,428459,31702538
"2020-11-02 00:00:00",13525.06,1554824,3167319,28299642
"2020-11-03 00:00:00",13686.19,1415283,1136124,30533335
"2020-11-04 00:00:00",13899.02,810619,104578,32234684
"2020-11-05 00:00:00",14926.92,0,808450,32217032
"2020-11-06 00:00:00",15584.22,413373,90858,32546529
"2020-11-07 00:00:00",15096.18,881798,3533171,28665157
"2020-11-08 00:00:00",15196.5,0,792614,32151221
"2020-11-09 00:00:00",15322.68,432977,614259,31825965
"2020-11-10 00:00:00",15288.05,434584,1098172,31196453
"2020-11-11 00:00:00",15635.9,433561,1234817,31056665
"2020-11-12 00:00:00",15912.62,431548,1024291,31297996
"2020-11-13 00:00:00",16229.21,253804,157744,32349044
"2020-11-14 00:00:00",16027.45,254100,548403,31990231
"2020-11-15 00:00:00",15976.43,347350,880567,31570115
"2020-11-16 00:00:00",16377.13,0,348200,32431971
"2020-11-17 00:00:00",17210.43,0,164106,32610305
"2020-11-18 00:00:00",17863.5,100251,30089,32676716
"2020-11-19 00:00:00",17768.97,100100,459888,32265633
"2020-11-21 00:00:00",18662.59,35515,64065,32713278
"2020-11-22 00:00:00",18196.36,445779,4208314,28126768
"2020-11-23 00:00:00",18386.09,35731,874764,31883182
"2020-11-24 00:00:00",18768.64,0,35736,32787646
"2020-11-25 00:00:00",19004.35,0,462842,32474819
"2020-11-26 00:00:00",17588.84,1260491,3610411,28159805
"2020-11-27 00:00:00",16971,1654483,655283,30711566
"2020-11-28 00:00:00",17394.47,1733375,632931,30610170
"2020-11-29 00:00:00",17945.4,1018332,1013391,30855514
"2020-11-30 00:00:00",19024.63,0,222478,32665083
"2020-12-01 00:00:00",19052.98,0,35268,32924678
"2020-12-02 00:00:00",18843.58,35047,1531947,31498222
"2020-12-03 00:00:00",19248.31,0,1319531,31869416
"2020-12-04 00:00:00",19072.71,0,1051650,32131977
"2020-12-05 00:00:00",18846.66,317639,1765417,31107335
"2020-12-06 00:00:00",19151.61,0,1669740,31409249
"2020-12-07 00:00:00",19160.74,0,1221481,31818101
"2020-12-08 00:00:00",18761.35,0,1873835,31179897
"2020-12-09 00:00:00",18154.2,1512570,1178455,30408044
"2020-12-10 00:00:00",18237.44,1046259,1531014,30584609
"2020-12-11 00:00:00",17946.61,1589666,1411499,30223181
"2020-12-12 00:00:00",18490.92,1488873,1565333,30160131
"2020-12-13 00:00:00",19074.16,0,2081785,31141353
"2020-12-14 00:00:00",19170.41,0,1746671,31449626
"2020-12-15 00:00:00",19306.65,0,1690993,31569101
"2020-12-16 00:00:00",20413.61,0,0,33298938
"2020-12-17 00:00:00",22469.7,0,0,33358264
"2020-12-18 00:00:00",22808.71,0,0,33477343
"2020-12-19 00:00:00",23434.77,0,0,33575820
"2020-12-20 00:00:00",23673.94,0,0,33562951
"2020-12-21 00:00:00",23046.81,0,924481,32533318
"2020-12-22 00:00:00",23105.75,249874,1079100,32019556
"2020-12-23 00:00:00",23362.18,0,1082536,32287135
"2020-12-24 00:00:00",23247.51,0,1651868,31760104
"2020-12-25 00:00:00",24097.04,0,0,33418729
"2020-12-26 00:00:00",25637.44,0,0,33374013
"2020-12-27 00:00:00",27073.02,0,0,33376410
"2020-12-28 00:00:00",26773.8,0,377418,32993830
"2020-12-29 00:00:00",26623.93,0,654121,32671208
"2020-12-30 00:00:00",28175.15,0,0,33335896
"2020-12-31 00:00:00",28629.4,0,0,33346202
"2021-01-01 00:00:00",29207.27,0,0,33338594
"2021-01-02 00:00:00",31146.78,0,0,33274750
"2021-01-03 00:00:00",33399.96,0,0,33259055
"2021-01-04 00:00:00",31058,448118,3910336,28944397
"2021-01-05 00:00:00",32236.37,0,332022,32983312
"2021-01-06 00:00:00",35188.98,0,0,33372169
"2021-01-07 00:00:00",38352.94,0,0,33415495
"2021-01-08 00:00:00",39302.74,0,0,33564542
"2021-01-09 00:00:00",40092.05,0,0,33707653
"2021-01-10 00:00:00",38355.77,824941,3131536,29828030
"2021-01-11 00:00:00",34287.41,1416950,2620008,29752402
"2021-01-12 00:00:00",34571.63,1189416,750626,31892293
"2021-01-13 00:00:00",35107.78,1305745,1170771,31361447
"2021-01-14 00:00:00",38422.66,222138,786399,32831938
"2021-01-15 00:00:00",37045.81,1354412,2456332,30095699
"2021-01-16 00:00:00",36669.16,395986,1237802,32268508
"2021-01-17 00:00:00",35357.75,1046732,1592369,31268050
"2021-01-18 00:00:00",36106.82,963297,1748311,31165858
"2021-01-19 00:00:00",36892.41,329641,2112771,31442527
"2021-01-20 00:00:00",34964.77,854335,2087658,30998465
"2021-01-21 00:00:00",32843.37,3100853,647746,30258599
"2021-01-22 00:00:00",31337.35,3494231,355396,30202543
"2021-01-23 00:00:00",32457.44,2456458,1385071,30267614
"2021-01-24 00:00:00",32024.28,2470966,1406316,30184907
"2021-01-25 00:00:00",33409.14,2269176,1594983,30134273
"2021-01-26 00:00:00",31898.43,2123841,1770646,30086769
"2021-01-27 00:00:00",30908.39,1999267,1917285,30034474
"2021-01-28 00:00:00",31893.23,0,3223915,30788416
"2021-01-29 00:00:00",35313.79,1135241,1532694,31396473
"2021-01-30 00:00:00",33882.07,967916,1837225,31400970
"2021-01-31 00:00:00",33297.89,961413,2205103,31093986
"2021-02-01 00:00:00",33527.29,1904144,2339052,30001112
"2021-02-02 00:00:00",34731.98,1045564,2556538,30754221
"2021-02-03 00:00:00",36559.26,573144,2071973,31801939
"2021-02-04 00:00:00",37470.54,95497,1358891,33071496
"2021-02-05 00:00:00",37485.21,214271,1860793,32539600
"2021-02-06 00:00:00",39618.54,0,1512212,33111984
"2021-02-07 00:00:00",38564.88,0,1526478,33121999
"2021-02-08 00:00:00",42335.35,0,0,34611961
"2021-02-09 00:00:00",46630.52,0,0,34637274
"2021-02-10 00:00:00",45546.93,0,513663,34330731
"2021-02-11 00:00:00",46348.74,0,890096,34092716
"2021-02-12 00:00:00",47587.42,0,0,35145095
"2021-02-13 00:00:00",47231.33,0,1448942,33848577
"2021-02-14 00:00:00",48369.66,0,0,35263966
"2021-02-15 00:00:00",47470.87,0,1210654,33987421
"2021-02-16 00:00:00",48815.08,0,0,35213480
"2021-02-17 00:00:00",50795.2,0,0,35347728
"2021-02-18 00:00:00",51712.71,0,0,35475710
"2021-02-19 00:00:00",53548.96,0,0,35595834
"2021-02-20 00:00:00",55834.39,0,0,35700131
"2021-02-21 00:00:00",56932.41,0,0,35779721
"2021-02-22 00:00:00",52867.52,727140,3115396,31941021
"2021-02-23 00:00:00",49573.87,1577196,2194958,32097170
"2021-02-24 00:00:00",49207.55,1637384,1720466,32649727
"2021-02-25 00:00:00",49407.61,1023588,1635977,33432624
"2021-02-26 00:00:00",46295.92,2470886,1352706,32312585
"2021-02-27 00:00:00",46713.32,2211941,1777967,32254732
"2021-02-28 00:00:00",44853.91,2342725,1717449,32171600
"2021-03-01 00:00:00",47435.59,2192901,1871338,32098844
"2021-03-02 00:00:00",48659.49,729202,1346646,34156425
"2021-03-03 00:00:00",50401.02,1013914,2549604,32749784
"2021-03-04 00:00:00",49654.78,667156,2013276,33727250
"2021-03-05 00:00:00",47889.31,1923829,2482877,32111581
"2021-03-06 00:00:00",48142.2,783592,2934095,32845297
"2021-03-07 00:00:00",50174.17,747609,2998372,32714506
"2021-03-08 00:00:00",50874.59,424081,1781750,34209330
"2021-03-09 00:00:00",53411.46,267259,1405996,34694779
"2021-03-10 00:00:00",55225.47,0,813497,35653630
"2021-03-11 00:00:00",56228.71,0,723506,35841850
"2021-03-12 00:00:00",56579.63,0,685968,35984356
"2021-03-13 00:00:00",58926.24,0,0,36723605
"2021-03-14 00:00:00",60327.81,0,0,36747907
"2021-03-15 00:00:00",57723.43,0,729887,35988719
"2021-03-16 00:00:00",55102.59,1005656,1246498,34508046
"2021-03-17 00:00:00",56565.7,481748,1615890,34737810
"2021-03-18 00:00:00",58550,0,729427,36244683
"2021-03-19 00:00:00",57868.35,227173,2331297,34542781
"2021-03-20 00:00:00",58874.75,207252,1971635,35013930
"2021-03-21 00:00:00",57128.48,0,2326418,34857188
"2021-03-22 00:00:00",56113.61,189078,2729132,34147983
"2021-03-23 00:00:00",54410.32,2047112,1464078,33604881
"2021-03-24 00:00:00",54443.84,2290918,1324620,33491117
"2021-03-25 00:00:00",51802.91,3382753,745436,33008672
"2021-03-26 00:00:00",53179.72,3333593,1160243,32693085
"2021-03-27 00:00:00",55298.89,1027779,2030703,34219385
"2021-03-28 00:00:00",55639.76,972810,2199486,34076627
"2021-03-29 00:00:00",56662.24,936371,2353025,33856475
"2021-03-30 00:00:00",58228.74,136572,2149069,34935418
"2021-03-31 00:00:00",58368.66,0,1351560,35963723
"2021-04-01 00:00:00",58709.28,0,1675392,35738512
"2021-04-02 00:00:00",59259.99,0,2088938,35426722
"2021-04-03 00:00:00",58364.46,0,2150588,35458782
"2021-04-04 00:00:00",57493.56,1131569,2458494,34051862
"2021-04-05 00:00:00",58034.56,119727,2747636,34687997
"2021-04-06 00:00:00",58416.88,0,2290090,35206603
"2021-04-07 00:00:00",57047.89,116324,3264264,34211027
"2021-04-08 00:00:00",56930.65,2472665,1920640,33238506
"2021-04-09 00:00:00",58288.08,111693,3219265,34383043
"2021-04-10 00:00:00",59539.47,110449,3540733,34099101
"2021-04-11 00:00:00",59945.81,0,1190589,36541517
"2021-04-12 00:00:00",60327.33,0,1428856,36256448
"2021-04-13 00:00:00",61746.82,0,0,37730452
"2021-04-14 00:00:00",63086.4,0,0,37856442
"2021-04-15 00:00:00",62932.61,0,828898,37177410
"2021-04-16 00:00:00",61807.62,840582,3797645,33425854
"2021-04-17 00:00:00",61127.07,690309,1094814,36492539
"2021-04-18 00:00:00",56589.22,4223646,3699985,30459847
"2021-04-19 00:00:00",55940.86,3840171,2026869,32618382
"2021-04-20 00:00:00",55265.39,4975728,1305491,32359405
"2021-04-21 00:00:00",55221.38,3488247,2613710,32665587
"2021-04-22 00:00:00",52989.2,6392595,620236,31924375
"2021-04-23 00:00:00",49804,7408450,234884,31293000
"2021-04-24 00:00:00",49996.67,6751935,1154564,31094006
"2021-04-25 00:00:00",48824.74,7960562,3469016,27496527
"2021-04-26 00:00:00",51616.56,4170818,2180907,32440057
"2021-04-27 00:00:00",54424.27,4456359,1545078,32866561
"2021-04-28 00:00:00",55174.09,3335207,2321655,33217162
"2021-04-29 00:00:00",53808.33,3682695,2191222,32972508
"2021-04-30 00:00:00",55537.13,0,4158026,34758111
"2021-05-01 00:00:00",57778.03,1231400,2398975,35261471
"2021-05-02 00:00:00",57013.77,1187869,2807337,34861303
"2021-05-03 00:00:00",57747.72,1326134,3181516,34007376
"2021-05-04 00:00:00",55167.43,1454732,3717548,33188368
"2021-05-05 00:00:00",55461.5,4103575,2279805,31850672
"2021-05-06 00:00:00",56846.08,1083669,3448241,33684439
"2021-05-07 00:00:00",57003.23,1609114,3971589,32641669
"2021-05-08 00:00:00",58253.57,953734,3513514,33757402
"2021-05-09 00:00:00",57813.99,483708,2304027,35413608
"2021-05-10 00:00:00",56913.1,629958,3545420,33833809
"2021-05-11 00:00:00",55709.38,2562581,3503272,31854192
"2021-05-12 00:00:00",53594.17,5505529,1857722,30568105
"2021-05-13 00:00:00",49203.86,7336926,1126587,29479606
"2021-05-14 00:00:00",50232.36,6730519,1438777,29789535
"2021-05-15 00:00:00",48658.12,6563273,1705081,29749287
"2021-05-16 00:00:00",46863.76,7845210,1130213,29038004
"2021-05-17 00:00:00",44398.01,9011929,2395137,26530644
"2021-05-18 00:00:00",44064.38,8691483,432809,28870871
"2021-05-19 00:00:00",36744.77,9290390,2142398,26650573
"2021-05-20 00:00:00",38764.64,9200897,979266,28006206
"2021-05-21 00:00:00",37902.44,9069668,2459964,26769847
"2021-05-22 00:00:00",37064.82,8939158,1506402,27971469
"2021-05-23 00:00:00",34730.87,10469450,1074214,26881099
"2021-05-24 00:00:00",37206.34,7799782,1909033,28588703
"2021-05-25 00:00:00",38175.99,8282634,1241378,28758932
"2021-05-26 00:00:00",39355.31,8237071,1896182,28140345
"2021-05-27 00:00:00",38810.39,8085285,1418911,28802733
"2021-05-28 00:00:00",36806.68,8010831,2167003,28188721
"2021-05-29 00:00:00",35486.58,9190477,1644922,27491109
"2021-05-30 00:00:00",34941.14,9992137,1063476,27207238
"2021-05-31 00:00:00",35857.83,8841876,1770348,27392921
"2021-06-01 00:00:00",36821.85,7816162,1912964,28191978
"2021-06-02 00:00:00",37080.26,8186594,2128258,27611464
"2021-06-03 00:00:00",38341.19,7551751,2076822,28211546
"2021-06-04 00:00:00",37194.4,8733923,2978077,26125221